"품명","품번","태그"
"(18)페기민여성하의","FPTD203R","수영복 > 여 성인"
"(19)페기민아동셋트","FRHE603S","수영복 > 아동공용"
"(19)페기민여성브라탑","FTOE201S","수영복 > 여 성인"
"(19)페기민여성셋트","FRHE206S","수영복 > 여 성인"
"(20년)페기민남성래쉬가드","FRHF102S","수영복 > 남 성인"
"(20년)페기민아동셋트","FRHF601S","수영복 > 아동공용"
"(20년)페기민여성셋트","FRHF203S","수영복 > 여 성인"
"(수피)아레나X크록스 클로그","AVAAJ640","기타용품 > 기타용품"
"(수피)아레나X크록스 플립","AVAAJ650","기타용품 > 기타용품"
"(장암)2개 세트-머리끈","MAPAA1000","기타용품 > 기타용품"
"(장암)린스","MAPAA1200","화장품 > 화장품"
"(장암)바디워시","MAPAA1500","화장품 > 화장품"
"(장암)샴푸","MAPAA1100","화장품 > 화장품"
"(장암)폼클렌징","MAPAA1900","화장품 > 화장품"
"(캐리어)가죽 여권케이스","DD_PASSPORTCASE","가방 > 가방"
"(캐리어)가죽캐리어네임택","DD_CARRIERNAMETAG","가방 > 가방"
"(캐리어)캐리어 밴드","DD_CARRIER BAND","가방 > 가방"
"(캐리어)AC023_20","AC023","가방 > 가방"
"(캐리어)AC023_28","AC023","가방 > 가방"
"(캐리어)AL01_20","AL01_PNK_20","가방 > 가방"
"(캐리어)AL01_24","AL01_RED_24","가방 > 가방"
"(캐리어)AL01_28","AL01_RED_28","가방 > 가방"
"(캐리어)KR046_16","KR046","가방 > 가방"
"(캐리어)KR047_20","KR047","가방 > 가방"
"(캐리어)KR047_24","KR047","가방 > 가방"
"(캐리어)KR048_28","KR048","가방 > 가방"
"(캐리어)KR049_24","KR049","가방 > 가방"
"(캐리어)KR049_28","KR049","가방 > 가방"
"(캐리어)KR051_20","KR051","가방 > 가방"
"(캐리어)KR051_28","KR051","가방 > 가방"
"(캐리어)KR053_24","KR053","가방 > 가방"
"(캐리어)KR053_28","KR053","가방 > 가방"
"(캐리어)KR055_24","KR055","가방 > 가방"
"(캐리어)KR3003_20","KR300","가방 > 가방"
"(캐리어)KR3003_24","KR300","가방 > 가방"
"(캐리어)PP04_20","PP04_GYBL_20","가방 > 가방"
"(캐리어)PP04_24","PP04_GYBL_24","가방 > 가방"
"(캐리어)PP04_28","PP04_GYBL_28","가방 > 가방"
"(클럽디)저가 남자4부 수영복","KY25M","수영복 > 남 성인"
"(클럽디)저가 여성U라인 수영복","KY25L","수영복 > 여 성인"
"(특판) 남자4부 수영복","KY25M","수영복 > 남 성인"
"(특판) 여성U라인 수영복","KY25L","수영복 > 여 성인"
"[긴팔] 오버핏 래쉬가드 고잉","RG4_023","수영복 > 여 성인"
"[긴팔] 오버핏 래쉬가드 말리부비치","RG4_001","수영복 > 여 성인"
"[긴팔] 오버핏 래쉬가드 비치사이드","RG4_008","수영복 > 여 성인"
"[긴팔] 오버핏 래쉬가드 사우스코스트","RG4_002","수영복 > 여 성인"
"[긴팔] 오버핏 래쉬가드 산타모니카비치","RG4_004","수영복 > 여 성인"
"[긴팔] 오버핏 래쉬가드 산타바바라","RG4_022","수영복 > 여 성인"
"[긴팔] 오버핏 래쉬가드 썬셋서퍼","RG4_015","수영복 > 여 성인"
"[긴팔] 오버핏 래쉬가드 아이러브하와이","RG4_009","수영복 > 여 성인"
"[긴팔]남여공용 오버핏 래쉬가드 골든코스트","RGC_1001","수영복 > 여 성인"
"[긴팔]남여공용 오버핏 래쉬가드 로고자말","RGC_1007","수영복 > 여 성인"
"[긴팔]남여공용 오버핏 래쉬가드 베니쉬비치","RGC_1002","수영복 > 여 성인"
"[긴팔]남여공용 오버핏 래쉬가드 서프21","RGC_1005","수영복 > 여 성인"
"[긴팔]남여공용 오버핏 래쉬가드 서프웨이브","RGC_1008","수영복 > 여 성인"
"[긴팔]남여공용 오버핏 래쉬가드 서프클럽23","RGC_1003","수영복 > 여 성인"
"[긴팔]오버핏 래쉬가드 골든코스트","RG3_002","수영복 > 여 성인"
"[긴팔]오버핏 래쉬가드 로고자말23","RG3_009","수영복 > 여 성인"
"[긴팔]오버핏 래쉬가드 베니쉬비치","RG3_003","수영복 > 여 성인"
"[긴팔]오버핏 래쉬가드 브레이브웨이브","RG3_005","수영복 > 여 성인"
"[긴팔]오버핏 래쉬가드 비치클럽 1974","RG4_010","수영복 > 여 성인"
"[긴팔]오버핏 래쉬가드 비치클럽 서머바이브","RG4_003","수영복 > 여 성인"
"[긴팔]오버핏 래쉬가드 비치하우스","RG3_004","수영복 > 여 성인"
"[긴팔]오버핏 래쉬가드 서프클럽23","RG3_006","수영복 > 여 성인"
"[긴팔]오버핏 래쉬가드 서프트립","RG4_007","수영복 > 여 성인"
"[긴팔]오버핏 래쉬가드 서핑웨이브","RG3_008","수영복 > 여 성인"
"[긴팔]오버핏 래쉬가드 썬바이브","RG4_011","수영복 > 여 성인"
"[긴팔]오버핏 래쉬가드 썸머파라다이스","RG3_007","수영복 > 여 성인"
"[긴팔]오버핏 래쉬가드 아메리칸서핑","RG312_001","수영복 > 여 성인"
"[긴팔]오버핏 래쉬가드 캘리포니아 파라다이스","RG412_010","수영복 > 여 성인"
"[김해] 저가 방수팩(블랙)","MAPSP03","방수팩 > 방수팩"
"[김해롯데] 귀도리","LWTOY35","기타용품 > 기타용품"
"[김해롯데] 눈집게 대형","LWTOY30","기타용품 > 기타용품"
"[김해롯데] 눈집게 소형","LWTOY29","기타용품 > 기타용품"
"[김해롯데] 니트모자","LWTOY37","기타용품 > 기타용품"
"[김해롯데] 니트장갑","LWTOY33","기타용품 > 기타용품"
"[김해롯데] 방수마스크","LWMASK001","일회용품 > 일회용품"
"[김해롯데] 산리오 크로스백","LWTOY28","가방 > 가방"
"[김해롯데] 산리오 키링","LWTOY26","기타용품 > 기타용품"
"[김해롯데] 산리오 팬더 열쇠고리","LWTOY27","기타용품 > 기타용품"
"[김해롯데] 성인 방한장갑","LWTOY31","기타용품 > 기타용품"
"[김해롯데] 아동 방한장갑","LWTOY32","기타용품 > 기타용품"
"[김해롯데] 캐릭터 귀도리","LWTOY38","기타용품 > 기타용품"
"[김해롯데] 피카츄 키링","LWTOY25","기타용품 > 기타용품"
"[김해롯데] 피카츄 피규어","PKFGPL","기타용품 > 기타용품"
"[김해롯데] 핫팩","LWTOY34","기타용품 > 기타용품"
"[김해롯데]공룡알 피규어","LWTOY21","기타용품 > 기타용품"
"[김해롯데]공룡피규어","LWTOY20","기타용품 > 기타용품"
"[김해롯데]마스크팩","LWTOY18","화장품 > 화장품"
"[김해롯데]목욕놀이 그로잉 캡슐","LWTOY17","기타용품 > 기타용품"
"[김해롯데]미니 드림카 컬렉션","LWTOY13","기타용품 > 기타용품"
"[김해롯데]버블클린저","LWTOY12","기타용품 > 기타용품"
"[김해롯데]산리오 오뚜기","LWTOY19","기타용품 > 기타용품"
"[김해롯데]스키비디 토일렛 피규어","LWTOY14","기타용품 > 기타용품"
"[김해롯데]지비츠","LWTOY08","기타용품 > 기타용품"
"[김해롯데]캐릭터 립밤","LWTOY15","기타용품 > 기타용품"
"[김해롯데]캐릭터 블록","LWTOY06","기타용품 > 기타용품"
"[김해롯데]캐릭터 카드","LWTOY11","기타용품 > 기타용품"
"[김해롯데]캐릭터 키링","LWTOY16","기타용품 > 기타용품"
"[김해롯데]캐릭터풍선","LWTOY07","기타용품 > 기타용품"
"[김해롯데]판매용우산","MAPRU01","기타용품 > 기타용품"
"[김해롯데]판매용우의","MAPRU02","기타용품 > 기타용품"
"[김해롯데]팝튜브","LWTOY24","튜브 > 공용"
"[김해롯데]피젯스피너","LWTOY22","기타용품 > 기타용품"
"[김해롯데]LED 3단 광선검","LWTOY03","기타용품 > 기타용품"
"[김해롯데]LED 불빛낙하산","LWTOY01","기타용품 > 기타용품"
"[김해롯데]LED 스펀지 야광봉","LWTOY02","기타용품 > 기타용품"
"[김해롯데]LED 야광팔찌","LWTOY10","기타용품 > 기타용품"
"[김해롯데]LED 칼라봉","LWTOY09","기타용품 > 기타용품"
"[납품] 크록스 바야 클로그(230)","CROCSAD02","기타용품 > 기타용품"
"[납품] 크록스 바야 클로그(240)","CROCSAD02","기타용품 > 기타용품"
"[납품] 크록스 바야 클로그(250)","CROCSAD02","기타용품 > 기타용품"
"[납품] 크록스 바야 클로그(260)","CROCSAD02","기타용품 > 기타용품"
"[납품] 크록스 바야 클로그(270)","CROCSAD02","기타용품 > 기타용품"
"[납품] 크록스 바야 클로그(280)","CROCSAD02","기타용품 > 기타용품"
"[납품] 크록스 바야 클로그(290)","CROCSAD02","기타용품 > 기타용품"
"[노빅딜 박스테이프] 쥬라기 파크","NBDBT001","기타용품 > 기타용품"
"[노빅딜 아날로그 카메라] 쥬라기파크","NBDCM003-01F-UJP","기타용품 > 기타용품"
"[노빅딜 포스터] 쥬라기파크 포스터 03_A3","NBDPT003-03F-UJP","기타용품 > 기타용품"
"[노빅딜 포스터] 쥬라기파크 포스터 04_A2","NBDPT004-04F-UJP","기타용품 > 기타용품"
"[노빅딜] 코인 파우치 키링_쥬라기공원","NBDCK002-01F-UJP","가방 > 가방"
"[노빅딜] 포스터 027_쥬라기공원 오리지널","NBDPT014-022-UJP","기타용품 > 기타용품"
"[노빅딜]이지램프_JP 그림자","NBDEL001-01-UJP","기타용품 > 기타용품"
"[노빅딜]이지램프_JP 오프로더","NBDEL001-02-UJP","기타용품 > 기타용품"
"[반팔] 오버핏 래쉬가드 굿바이브","RG412_024","수영복 > 여 성인"
"[반팔] 오버핏 래쉬가드 말리부비치","RG412_001","수영복 > 여 성인"
"[반팔] 오버핏 래쉬가드 사우스코스트","RG412_002","수영복 > 여 성인"
"[반팔] 오버핏 래쉬가드 산타모니카비치","RG412_004","수영복 > 여 성인"
"[반팔] 오버핏 래쉬가드 아이러브하와이","RG412_009","수영복 > 여 성인"
"[반팔] 오버핏래쉬가드 라이드더웨이브 [2XL]","OWOO60032XL","수영복 > 공용"
"[반팔] 오버핏래쉬가드 라이드더웨이브 [L]","OWOO6003L","수영복 > 공용"
"[반팔] 오버핏래쉬가드 라이드더웨이브 [M]","OWOO6003","수영복 > 공용"
"[반팔] 오버핏래쉬가드 라이드더웨이브 [XL]","OWOO6003","수영복 > 공용"
"[반팔] 오버핏래쉬가드 서퍼81 [2XL]","OWOO60012XL","수영복 > 공용"
"[반팔] 오버핏래쉬가드 서퍼81 [L]","OWOO6001","수영복 > 공용"
"[반팔] 오버핏래쉬가드 서퍼81 [M]","OWOO6001","수영복 > 공용"
"[반팔] 오버핏래쉬가드 서퍼81 [XL]","OWOO6001","수영복 > 공용"
"[반팔] 오버핏래쉬가드 서퍼87 [2XL]","OWOO6004","수영복 > 공용"
"[반팔] 오버핏래쉬가드 서퍼87 [L]","OWOO6004","수영복 > 공용"
"[반팔] 오버핏래쉬가드 서퍼87 [M]","OWOO6004","수영복 > 공용"
"[반팔] 오버핏래쉬가드 서퍼87 [XL]","OWOO6004","수영복 > 공용"
"[반팔] 오버핏래쉬가드 서프1982 [2XL]","OWOO60052XL","수영복 > 공용"
"[반팔] 오버핏래쉬가드 서프1982 [L]","OWOO6005","수영복 > 공용"
"[반팔] 오버핏래쉬가드 서프1982 [M]","OWOO6005","수영복 > 공용"
"[반팔] 오버핏래쉬가드 서프1982 [XL]","OWOO6005","수영복 > 공용"
"[반팔] 오버핏래쉬가드 썸머오션 [2XL]","OWOO6002","수영복 > 공용"
"[반팔] 오버핏래쉬가드 썸머오션 [L]","OWOO6002","수영복 > 공용"
"[반팔] 오버핏래쉬가드 썸머오션 [M]","OWOO6002","수영복 > 공용"
"[반팔] 오버핏래쉬가드 썸머오션 [XL]","OWOO6002XL","수영복 > 공용"
"[반팔] 오버핏래쉬가드 SSSS [2XL]","OWOO6006","수영복 > 공용"
"[반팔] 오버핏래쉬가드 SSSS [L]","OWOO6006","수영복 > 공용"
"[반팔] 오버핏래쉬가드 SSSS [M]","OWOO6006","수영복 > 공용"
"[반팔] 오버핏래쉬가드 SSSS [XL]","OWOO6006","수영복 > 공용"
"[반팔]남여공용 오버핏 래쉬가드 비치하우스","RGC_2002","수영복 > 여 성인"
"[반팔]남여공용 오버핏 래쉬가드 엔조이썸머","RGC_2001_BLK_L","수영복 > 공용"
"[반팔]남여공용 오버핏 래쉬가드 플라워보드","RGC_2004","수영복 > 여 성인"
"[반팔]오버핏 래쉬가드 고잉","RG412_023","수영복 > 여 성인"
"[반팔]오버핏 래쉬가드 골든코스트","RG312_002","수영복 > 여 성인"
"[반팔]오버핏 래쉬가드 로고자말23","RG312_009","수영복 > 여 성인"
"[반팔]오버핏 래쉬가드 베니쉬비치","RG312_003","수영복 > 여 성인"
"[반팔]오버핏 래쉬가드 브레이브웨이브","RG312_005","수영복 > 여 성인"
"[반팔]오버핏 래쉬가드 비치사이드","RG412_008","수영복 > 여 성인"
"[반팔]오버핏 래쉬가드 비치클럽 서머바이브","RG412_003","수영복 > 여 성인"
"[반팔]오버핏 래쉬가드 비치하우스","RG312_004","수영복 > 여 성인"
"[반팔]오버핏 래쉬가드 산타바바라","RG412_022","수영복 > 여 성인"
"[반팔]오버핏 래쉬가드 서프클럽23","RG312_006","수영복 > 여 성인"
"[반팔]오버핏 래쉬가드 서프클럽23(작은로고)","RG312_018","수영복 > 여 성인"
"[반팔]오버핏 래쉬가드 서프트립","RG412_007","수영복 > 여 성인"
"[반팔]오버핏 래쉬가드 서핑웨이브","RG312_008","수영복 > 여 성인"
"[반팔]오버핏 래쉬가드 썬바이브","RG412_011","수영복 > 여 성인"
"[반팔]오버핏 래쉬가드 썬셋서퍼","RG412_015","수영복 > 여 성인"
"[반팔]오버핏 래쉬가드 썸머파라다이스","RG312_007","수영복 > 여 성인"
"[반팔]오버핏 래쉬가드 아메리칸 서핑","RG3_001","수영복 > 여 성인"
"[반팔]오버핏 래쉬가드 캘리포니아파라다이스","RG412_016","수영복 > 여 성인"
"[반팔]오버핏 래쉬가드 플라워","RG412_021","수영복 > 여 성인"
"[반팔오버핏 래쉬가드 아메리칸 서핑","RG3_001","수영복 > 여 성인"
"[신규]옥토넛 베이비목튜브","MAPTB65","튜브 > 공용"
"[신규]옥토넛 베이비목튜브 maptb41zzz000","MAPTB65","튜브 > 공용"
"[장난감]광선검","TOY004","기타용품 > 기타용품"
"[장난감]귀여운바다놀이(눈알)","TOY001","기타용품 > 기타용품"
"[장난감]다이노탐험대","TOY006","기타용품 > 기타용품"
"[장난감]동물풍선","TOY005","기타용품 > 기타용품"
"[장난감]아쿠아물속체험(저금통)","TOY002","기타용품 > 기타용품"
"[장난감]아쿠아탐험대","TOY007","기타용품 > 기타용품"
"[장난감]주물럭","TOY009","기타용품 > 기타용품"
"[장난감]펀치","TOY008","기타용품 > 기타용품"
"[장난감]LED물속완구(공룡/물고기)","TOY003","기타용품 > 기타용품"
"[쥬라기 공원] 마우스패드","UVSIT038-01F-UJW","기타용품 > 기타용품"
"[쥬라기 공원] 멀티페어링 무선마우스","UVSIT039","기타용품 > 기타용품"
"[쥬라기 월드] 스프링 노트 2종 - 파랑","UVSIT061","기타용품 > 기타용품"
"[쥬라기공원] 마우스 패드_카와이 스테고사우루스","JPCMP001-03F-UJP","기타용품 > 기타용품"
"[쥬라기공원] 마우스 패드_티라노사우루스 렉스","JPCMP001-02F-UJP","기타용품 > 기타용품"
"[쥬라기공원] 마우스 패드_티라노사우루스 렉스[BULL]","JPCMP002-01F-UJP","기타용품 > 기타용품"
"[쥬라기공원] 바인더_옐로우 카툰","JPCBD001","기타용품 > 기타용품"
"[쥬라기공원] 바인더_오리지널","JPCBD001","기타용품 > 기타용품"
"[쥬라기공원] 플레이 매트_랩터 스트라이크","JPCPM003-01F-UJP","기타용품 > 기타용품"
"[쥬라기공원] 플레이 매트_올드스쿨 블랙","JPCPM002-02F-UJP","기타용품 > 기타용품"
"[쥬라기공원] 플레이 매트_카와이 티렉스","JPCPM002","기타용품 > 기타용품"
"[쥬라기공원] 플레이 매트_티렉스","JPCPM001-04F-UJP","기타용품 > 기타용품"
"[쥬라기공원] TCG 부스터팩 Vol.01 변방의 포식자 (RRP/24EA)","JPCBS001","기타용품 > 기타용품"
"[쥬라기공원] TCG 스타터덱 Vol.01 공룡의 시대 (RRP/6EA)","JPCST001-01R-UJP","기타용품 > 기타용품"
"[쥬라기공원] TCG 스타터덱 Vol.02 시작의 문 (RRP/6EA)","JPCST001-02R-UJP","기타용품 > 기타용품"
"[쥬라기공원] TCG 확장팩 Vol.01 랩터 스트라이크 (RRP/12EA)","JPCEX001","기타용품 > 기타용품"
"[쥬라기월드] 그래픽 스티커_블루","UVSIT009-02F-UJW","기타용품 > 기타용품"
"[쥬라기월드] 마스킹 테이프 3종 - -save the dinos","UVSIT001-01F-UJW","기타용품 > 기타용품"
"[쥬라기월드] 마스킹 테이프 3종 - life find a way","UVSIT002-01F-UJW","기타용품 > 기타용품"
"[쥬라기월드] 뱃지 5종 - 뱃지_전시","UVSIT005-01F-UJW","기타용품 > 기타용품"
"[쥬라기월드] 뱃지 5종 - 뱃지_쥬라기월드 로고","UVSIT214-55F-UJW","기타용품 > 기타용품"
"[쥬라기월드] 뱃지 콜렉터","UVSIT066-01F-UJW","기타용품 > 기타용품"
"[쥬라기월드] 소프트 노트 2종 - 그린","UVSIT061-01F-UJW","기타용품 > 기타용품"
"[쥬라기월드] 소프트 노트 2종 - 옐로우","UVSIT062","기타용품 > 기타용품"
"[쥬라기월드] 스티커 6종 - 그래픽 스티커_레드(레드)","UVSIT008-01F-UJW","기타용품 > 기타용품"
"[쥬라기월드] 스티커 6종 - 그래픽 스티커_블루(블루)","UVSIT009","기타용품 > 기타용품"
"[쥬라기월드] 스티커 6종 - 트리케라톱스(트리케라톱스)","UVSIT011-01F-UJW","기타용품 > 기타용품"
"[쥬라기월드] 스프링 노트 2종 - 화이트","UVSIT063-01F-UJW","기타용품 > 기타용품"
"[쥬라기월드] 아이스크림 몰드","UVSMD001","기타용품 > 기타용품"
"[쥬라기월드] 옆서 - INDORAPTOR","UVSIT214-54F-UJW","기타용품 > 기타용품"
"[쥬라기월드] 와펜 6종 - 브라키오사우루스(브라키오사우루스)","UVSIT014-01F-UJW","기타용품 > 기타용품"
"[쥬라기월드] 와펜 6종 - 트리케라톱스(트리케라톱스)","UVSIT015-01F-UJW","기타용품 > 기타용품"
"[쥬라기월드] 쥬라기월드 로고 (성인) - M","UVSIT160-01M-UJW","기타용품 > 기타용품"
"[쥬라기월드] 쥬라기월드 로고 (성인) - XL","UVSIT160","기타용품 > 기타용품"
"[쥬라기월드] 쥬라기파크 로고 (성인) - L","UVSIT161","기타용품 > 기타용품"
"[쥬라기월드] 쥬라기파크 로고 (성인) - M","UVSIT214-57F-UJW","기타용품 > 기타용품"
"[쥬라기월드] 키즈파자마_다이노소어_110","GVGPJK04","기타용품 > 기타용품"
"[쥬라기월드] 키즈파자마_다이노소어_120","GVGPJK04-CR2-UJW","기타용품 > 기타용품"
"[쥬라기월드] 키즈파자마_다이노소어_130","GVGPJK04-CR3-UJW","기타용품 > 기타용품"
"[쥬라기월드] 키즈파자마_다이노소어_140","GVGPJK04-CR4-UJW","기타용품 > 기타용품"
"[쥬라기월드] 키즈파자마_다이노소어_150","GVGPJK04","기타용품 > 기타용품"
"[쥬라기월드] 키즈파자마_브라키오프렌즈_110","GVGPJK05","기타용품 > 기타용품"
"[쥬라기월드] 키즈파자마_브라키오프렌즈_120","GVGPJK05","기타용품 > 기타용품"
"[쥬라기월드] 키즈파자마_브라키오프렌즈_130","GVGPJK05","기타용품 > 기타용품"
"[쥬라기월드] 키즈파자마_브라키오프렌즈_140","GVGPJK05-BE4-UJW","기타용품 > 기타용품"
"[쥬라기월드] 키즈파자마_브라키오프렌즈_150","GVGPJK05-BE5-UJW","기타용품 > 기타용품"
"[쥬라기월드] 키즈파자마_블루_110","GVGPJK04","기타용품 > 기타용품"
"[쥬라기월드] 키즈파자마_블루_120","GVGPJK04","기타용품 > 기타용품"
"[쥬라기월드] 키즈파자마_블루_130","GVGPJK04-MT3-UJW","기타용품 > 기타용품"
"[쥬라기월드] 키즈파자마_블루_150","GVGPJK04-MT5-UJW","기타용품 > 기타용품"
"[쥬라기월드] 키즈파자마_시노케라톱스_110","GVGPJK05","기타용품 > 기타용품"
"[쥬라기월드] 키즈파자마_시노케라톱스_120","GVGPJK05-OR2-UJW","기타용품 > 기타용품"
"[쥬라기월드] 키즈파자마_시노케라톱스_130","GVGPJK05-OR3-UJW","기타용품 > 기타용품"
"[쥬라기월드] 키즈파자마_시노케라톱스_140","GVGPJK05-OR4-UJW","기타용품 > 기타용품"
"[쥬라기월드] 키즈파자마_시노케라톱스_150","GVGPJK05-OR5-UJW","기타용품 > 기타용품"
"[쥬라기월드] 티셔츠 excape the esland(성인) - L","UVSIT068-01F-UJW","기타용품 > 기타용품"
"[쥬라기월드] 티셔츠 excape the esland(성인) - M","UVSIT069-01F-UJW","기타용품 > 기타용품"
"[쥬라기월드] 티셔츠 excape the esland(성인) - XL","UVSIT070-01F-UJW","기타용품 > 기타용품"
"[쥬라기월드] 포토카드 21종 - 1. Jurassic World","UVSIT072-01F-UJW","기타용품 > 기타용품"
"[쥬라기월드] 포토카드 21종 - 10. 화산블루","UVSIT073-01F-UJW","기타용품 > 기타용품"
"[쥬라기월드] 포토카드 21종 - 11. 트리케라톱스","UVSIT074-01F-UJW","기타용품 > 기타용품"
"[쥬라기월드] 포토카드 21종 - 12. Genetic showdown","UVSIT071-01F-UJW","기타용품 > 기타용품"
"[쥬라기월드] 포토카드 21종 - 13. 입벌린 티렉스","UVSIT075-01F-UJW","기타용품 > 기타용품"
"[쥬라기월드] 포토카드 21종 - 14. 영화 장면 엽서_랩터삼총사","UVSIT076-01F-UJW","기타용품 > 기타용품"
"[쥬라기월드] 포토카드 21종 - 15. 영화 장면 엽서_모사사우루스","UVSIT077-01F-UJW","기타용품 > 기타용품"
"[쥬라기월드] 포토카드 21종 - 16. 영화 장면 엽서_입다문 티렉스","UVSIT078-01F-UJW","기타용품 > 기타용품"
"[쥬라기월드] 포토카드 21종 - 17. 영화 장면 엽서_블루","UVSIT079-01F-UJW","기타용품 > 기타용품"
"[쥬라기월드] 포토카드 21종 - 18. 영화 장면 엽서_게이트","UVSIT080-01F-UJW","기타용품 > 기타용품"
"[쥬라기월드] 포토카드 21종 - 19. 영화 장면 엽서_수풀눈","UVSIT081-01F-UJW","기타용품 > 기타용품"
"[쥬라기월드] 포토카드 21종 - 2. 브라키오와 박사","UVSIT082-01F-UJW","기타용품 > 기타용품"
"[쥬라기월드] 포토카드 21종 - 20. 영화 장면 엽서_익룡","UVSIT083-01F-UJW","기타용품 > 기타용품"
"[쥬라기월드] 포토카드 21종 - 21. 영화 장면 엽서_눈","UVSIT084-01F-UJW","기타용품 > 기타용품"
"[쥬라기월드] 포토카드 21종 - 4. 오픈게이트","UVSIT086-01F-UJW","기타용품 > 기타용품"
"[쥬라기월드] 포토카드 21종 - 5. 화산티렉스","UVSIT087-01F-UJW","기타용품 > 기타용품"
"[쥬라기월드] 포토카드 21종 - 6. 게이트브라키오","UVSIT088-01F-UJW","기타용품 > 기타용품"
"[쥬라기월드] 포토카드 21종 - 7. Jurassic throwdown","UVSIT089-01F-UJW","기타용품 > 기타용품"
"[쥬라기월드] 피크닉 매트","UVSIT025-01F-UJW","기타용품 > 기타용품"
"[쥬라기월드] 하드커버 노트 2종 - 블랙","UVSIT064","기타용품 > 기타용품"
"[쥬라기월드] 하드커버 노트 2종 - 화이트","UVSIT065","기타용품 > 기타용품"
"[쥬라기월드] KIDS_베이비블루 - 13호","UVSIT091-01F-UJW","기타용품 > 기타용품"
"[쥬라기월드] KIDS_베이비블루 - 17호","UVSIT092-01F-UJW","기타용품 > 기타용품"
"[쥬라기월드] KIDS_베이비블루 - 9호","UVSIT093-01F-UJW","기타용품 > 기타용품"
"[쥬라기월드] KIDS_쥬라기월드 로고 - 13호","UVSIT094-01F-UJW","기타용품 > 기타용품"
"[쥬라기월드] KIDS_쥬라기월드 로고 - 17호","UVSIT095-01F-UJW","기타용품 > 기타용품"
"[쥬라기월드] KIDS_쥬라기월드 로고 - 9호","UVSIT096","기타용품 > 기타용품"
"[쥬라기월드] KIDS_쥬라기파크 로고 - 13호","UVSIT097-01F-UJW","기타용품 > 기타용품"
"[쥬라기월드] KIDS_쥬라기파크 로고 - 17호","UVSIT098-01F-UJW","기타용품 > 기타용품"
"[쥬라기월드] KIDS_쥬라기파크 로고 - 9호","UVSIT099-01F-UJW","기타용품 > 기타용품"
"[쥬라기월드] KIDS_티렉스 - 13호","UVSIT100-01F-UJW","기타용품 > 기타용품"
"[쥬라기월드] KIDS_티렉스 - 17호","UVSIT101-01F-UJW","기타용품 > 기타용품"
"[쥬라기월드] KIDS_티렉스 - 9호","UVSIT102-01F-UJW","기타용품 > 기타용품"
"[쥬라기월드] KIDS_REPTILE - 13호","UVSIT103-01F-UJW","기타용품 > 기타용품"
"[쥬라기월드] KIDS_REPTILE - 17호","UVSIT104-01F-UJW","기타용품 > 기타용품"
"[쥬라기월드] KIDS_REPTILE - 9호","UVSIT105-01F-UJW","기타용품 > 기타용품"
"[쥬라기파크] 가죽 덱케이스","JPCDC002-01F-UJP","기타용품 > 기타용품"
"[쥬라기파크] 카드 슬리브_004","JPCSV001","기타용품 > 기타용품"
"[쥬라기파크] 카드 슬리브_모기 호박","JPCSV001-01F-UJP","기타용품 > 기타용품"
"[쥬라기파크] 파자마_정글","GVGPJ004","기타용품 > 기타용품"
"[쥬라기파크] 플레이 매트_선셋","JPCPM001-02F-UJP","기타용품 > 기타용품"
"[쥬라기파크] 플레이 매트_스크린","JPCPM001-03F-UJP","기타용품 > 기타용품"
"[쥬라기파크] TCG 스타터덱01 공룡의시대","JPCST001","기타용품 > 기타용품"
"[쥬라기파크] TCG 스타터덱02 시작의 문","JPCST001","기타용품 > 기타용품"
"[특가]여 2PCS","YW04","수영복 > 여 성인"
"[특가]여 3PCS","YW06","수영복 > 여 성인"
"[특가]여 4PCS","YW07","수영복 > 여 성인"
"[특가]여 브라탑","YW05","수영복 > 여 성인"
"[특가]여 상의","YW02","수영복 > 여 성인"
"[특가]여 하의","YW03","수영복 > 여 성인"
"[GVG] 오버핏_쥬라기공원 (블랙/XL)","GVGTS030-BKX-UJP","기타용품 > 기타용품"
"[GVG] 오버핏_쥬라기공원 (화이트/XL)","GVGTS030","기타용품 > 기타용품"
"0012","B42MRWP20","수영복 > 남 성인"
"100cm 튜브","MAPTB2313","튜브 > 공용"
"100cm튜브","MAPTB2313","튜브 > 공용"
"110cm 튜브 (납품튜브)","MAPTB2314","튜브 > 공용"
"160 아동아쿠아슈즈","A2AC1AJ62","아쿠아슈즈 > 180"
"23SS EVERYDAY VOLLEY 15","QD21BS233KVJ028","수영복 > 남 성인"
"23SS EVERYDAY VOLLEY 15 퀵실버 남반바지","QD21BS233","수영복 > 남 성인"
"2부 레깅스 남성반바지","YUK013705","수영복 > 남 성인"
"30KG 구명조끼","ASAAJ21","부력복 > 30KG"
"32_아쿠런(160)슈즈","MAPSS08","아쿠아슈즈 > 160"
"32_아쿠런(170)슈즈","MAPSS08","아쿠아슈즈 > 170"
"32_아쿠런(180)슈즈","MAPSS08","아쿠아슈즈 > 180"
"32_아쿠런(190)슈즈","MAPSS08","아쿠아슈즈 > 190"
"32_아쿠런(200)슈즈","MAPSS08","아쿠아슈즈 > 200"
"32_아쿠런(210)슈즈","MAPSS08","아쿠아슈즈 > 210"
"32_아쿠런(220)슈즈","MAPSS08","아쿠아슈즈 > 220"
"32_아쿠런(230)슈즈","MAPSS08","아쿠아슈즈 > 230"
"32_아쿠런(240)슈즈","MAPSS08","아쿠아슈즈 > 240"
"32_아쿠런(250)슈즈","MAPSS08","아쿠아슈즈 > 250"
"32_아쿠런(260)슈즈","MAPSS08","아쿠아슈즈 > 260"
"32_아쿠런(270)슈즈","MAPSS08","아쿠아슈즈 > 270"
"32_아쿠런(280)슈즈","MAPSS08","아쿠아슈즈 > 280"
"32_아쿠런(290)슈즈","MAPSS08","아쿠아슈즈 > 290"
"365 2부 레깅스 팬츠","A5BL1QW41","수영복 > 여 성인"
"365 3.5부 팬츠","A5BL1QW42","수영복 > 여 성인"
"365 3부 팬츠","A5BM1WP41","수영복 > 남 성인"
"365 4부 팬츠","A5BM1WP42","수영복 > 남 성인"
"365 5부 팬츠","A5BM1WP43","수영복 > 남 성인"
"365 레귤러핏 남성 집업 래쉬가드","A5BM1RR45","수영복 > 남 성인"
"365 레귤러핏 슬리브리스 래쉬가드","A5BM1RR41","수영복 > 남 성인"
"365 레귤러핏 여성 집업 래쉬가드","A5BL1QR42","수영복 > 여 성인"
"365 릴렉스핏 레이어드 래쉬가드","A5BM1RR44","수영복 > 남 성인"
"365 릴렉스핏 숏슬리브 래쉬가드","A5BM1RR42","수영복 > 남 성인"
"365 릴렉스핏 집업 래쉬가드","A5BM1RR46","수영복 > 남 성인"
"3부 보드숏 레깅스팬츠 블랙 [2XL]","BPC_0201","수영복 > 여 성인"
"3부 보드숏 레깅스팬츠 블랙 [L]","BPC_0201","수영복 > 여 성인"
"3부 보드숏 레깅스팬츠 블랙 [M]","BPC_0201","수영복 > 여 성인"
"3부 보드숏 레깅스팬츠 블랙 [XL]","BPC_0201","수영복 > 여 성인"
"3부숏팬츠+레깅스9부 블랙[L]","BPC_0301","수영복 > 여 성인"
"3부숏팬츠+레깅스9부 블랙[M]","BPC_0301","수영복 > 여 성인"
"3부숏팬츠+레깅스9부 블랙[XL]","BPC_0301","수영복 > 여 성인"
"4부 보드숏 비치팬츠 블랙 [2XL]","BPC_0501","수영복 > 여 성인"
"4부 보드숏 비치팬츠 블랙 [M]","BPC_0501","수영복 > 여 성인"
"4부팬츠 레깅스9부 블랙 [L(F)]","BPC_0401","수영복 > 여 성인"
"4부팬츠 레깅스9부 블랙 [XL]","BPC_0401","수영복 > 여 성인"
"60cm 남손잡이튜브","MAPTB02","튜브 > 남"
"60cm 여손잡이튜브","MAPTB01","튜브 > 공용"
"60cm원형튜브","MAPTB00","튜브 > 공용"
"65cm 남튜브","MAPTB04","튜브 > 남"
"65cm 여튜브","MAPTB03","튜브 > 여"
"70cm 남튜브","MAPTB06","튜브 > 남"
"70cm 남튜브남","MAPTB06","튜브 > 남"
"70cm 여튜브","MAPTB05","튜브 > 여"
"75cm 남튜브","MAPTB08","튜브 > 남"
"75cm 여튜브","MAPTB07","튜브 > 여"
"75KG아레나구명조끼","ATAAJ24","부력복 > 75KG"
"81cm 튜브","MAPTB2309","튜브 > 공용"
"81cm 튜브남","MAPTB2309","튜브 > 남"
"81cm 튜브여","MAPTB2309","튜브 > 여"
"81cm 튜브핑크","MAPTB2309","튜브 > 공용"
"87cm 튜브 (겨울왕국 85CM)","MAPTB2311","튜브 > 공용"
"87cm 튜브 (겨울왕국 85CM)민트랑","MAPTB2311","튜브 > 공용"
"87cm 튜브 (겨울왕굴 85CM)","MAPTB2311","튜브 > 공용"
"가방 (백팩)","EVBAB75","가방 > 가방"
"가방_드라이백 10L (원통)","A5AC1AB22","가방 > 가방"
"가방_드라이백 20L","A0AC1AB12","가방 > 가방"
"가방_드라이백 4L (원통)","A5AC1AB26BLU000","가방 > 가방"
"가방_드라이백 4L(버킷)","A5AC1AB29","가방 > 가방"
"가방_말랑파우치","A5AC1AB31","가방 > 가방"
"가방_말랑파우치 (구. A5AC1AB31)","A6AC1AB31","가방 > 가방"
"가방_망사가방","A3AC1AB06","가방 > 가방"
"가방_멀티손가방","A5AC1AB30","가방 > 가방"
"가방_메쉬백팩","A0AC1AB28","가방 > 가방"
"가방_메쉬손가방","AVAAB21","가방 > 가방"
"가방_메쉬손가방(구.AVAAB21)","A0AC1AB21","가방 > 가방"
"가방_메쉬숏핀가방","A2AC1AB12","기타용품 > 기타용품"
"가방_메쉬포켓가방","A6AC1AB19","가방 > 가방"
"가방_손가방","A3AC1AB01","가방 > 가방"
"가방_손가방(구 A2AC1AB02)","A3AC1AB02","가방 > 가방"
"가방_손가방(구.A0AC1AB01)","A1AC1AB01","가방 > 가방"
"가방_손가방(구.A1AC1AB01)","A2AC1AB01","가방 > 가방"
"가방_손가방(구.A1AC1AB08)","A2AC1AB08","가방 > 가방"
"가방_손가방(구.A1AC1AB11)","A2AC1AB11","가방 > 가방"
"가방_손가방(구.AUAAB13)","AVAAB09","가방 > 가방"
"가방_손가방(구.AVAAB09)","A0AC1AB09","가방 > 가방"
"가방_숄더백","A3AC1AB14","가방 > 가방"
"가방_숄더백(구. A4AC1AB14)","A5AC1AB14","가방 > 가방"
"가방_숄더백(구.AUAAB11)","AVAAB25","가방 > 가방"
"가방_숄더백(A4AC1AB25)","A5AC1AB25","가방 > 가방"
"가방_오리발가방(구.A0AC1AB07)","A1AC1AB07","기타용품 > 기타용품"
"가방_젤리베어원형숄더백","A5AC1AB85","가방 > 가방"
"가방_투명가방(구.A1AC1AB03)","A2AC1AB03ROY000","가방 > 가방"
"가방_투명가방(구.AVAAB03)","A0AC1AB03","가방 > 가방"
"가방_투명손가방(구.AUAAB12)","AVAAB08","가방 > 가방"
"가방_팀숄더백(구.AVAAB17)","A0AC1AB17","가방 > 가방"
"가방_파우치","A5AC1AB18","가방 > 가방"
"가방_포켓참","A0AC1AB13","가방 > 가방"
"가방_AEANJA12","A0FC2AB03","가방 > 가방"
"가방_AMS9743(002495)","A0SC2AB09","가방 > 가방"
"가방_ARN-WS906M(선수권대회백)","AVAAB83","가방 > 가방"
"가방_ASS1301","A2SC2AB02","가방 > 가방"
"강동워터파크 마스크","KANDONGMASK","일회용품 > 일회용품"
"건식타올(구.A1AC1AT01)","A2AC1AT01","기타용품 > 기타용품"
"곰돌이 스윔베스트 25kg(BLU)","HSWIM301","부력복 > 25KG"
"곰돌이 스윔베스트 25kg(PNK)","HSWIM301PNK025","부력복 > 25KG"
"공용 아스킨 반팔 티셔츠","A5MC1RT41","기타용품 > 기타용품"
"공용 아스킨 폴로 티셔츠","A5MC1RP41","기타용품 > 기타용품"
"구명조끼_슬림핏 70KG","A0AC1AJ28","부력복 > 70KG"
"구명조끼_슬림핏 70KG(구.A0AC1AJ28)","A1AC1AJ28","부력복 > 70KG"
"구명조끼_슬림핏 90KG(구.A0AC1AJ29)","A1AC1AJ29","부력복 > 90KG"
"구형 귀마개","ANAAE01","기타용품 > 기타용품"
"구형 귀마개(구.ANAAE01)","AUAAE01","기타용품 > 기타용품"
"군모(모자)","MAPCP02","모자 > 야구모자"
"귀마개","MAPWE01","기타용품 > 기타용품"
"귀마개(구.A0AC1AE02)","A1AC1AE02","기타용품 > 기타용품"
"귀마개(구.A1AC1AE02)","A2AC1AE02","기타용품 > 기타용품"
"귀마개(구.A3AC1AE01)","A4AC1AE01","기타용품 > 기타용품"
"균일여성반바지(19)","MAPPW04","수영복 > 여 성인"
"그라데이션(구.AQAAL01)","AUAAL01","수모 > 코팅수모"
"그래픽 유니 반팔 티셔츠","A6MC1RT06","기타용품 > 기타용품"
"그래픽데이 남성 루즈핏 슬리브리스 커버업","A6BM1RR24","수영복 > 남 성인"
"그래픽데이 남성 루즈핏 후드 커버업","A6BM1RR27","수영복 > 남 성인"
"그래픽데이 남성 숏슬리브 래쉬가드","A6BM1RR25","수영복 > 남 성인"
"그래픽데이 유니 반팔 티셔츠","A6MC1RT05","기타용품 > 기타용품"
"그리프 3부 반신 레이서백","A5BL1LD32DGY095","수영복 > 여 성인"
"그리프 원피스 레이서백","A5BL1LD02BLK095","수영복 > 여 성인"
"그린웨이브 3부 팬츠","A5BM1PP03","수영복 > 남 성인"
"글램 2부 팬츠","A5BL1PW14BLK085","수영복 > 여 성인"
"글램 3부 팬츠","A5BM1PP14","수영복 > 남 성인"
"글램 슬리브리스 래쉬가드","A5BM1PR14","수영복 > 남 성인"
"글램 슬리브리스 래쉬가드(나시)","A5BM1PR14","수영복 > 남 성인"
"기타용품","MAPTP01","기타용품 > 기타용품"
"기타용품(3천원)","MAPTP02","기타용품 > 기타용품"
"기획 반바지","A4BM1PP06","수영복 > 남 성인"
"기획남성실내4부","EUPTI16","수영복 > 남 성인"
"기획여비치 2PCS","AVBPS04","수영복 > 여 성인"
"기획여성 레깅스 단품","A0BL1PA17","수영복 > 여 성인"
"기획여성 탑","A0BL1PN05","수영복 > 여 성인"
"기획여성래쉬가드4PCS","EUPSR16","수영복 > 여 성인"
"기획여성반바지","AUBPW03","수영복 > 여 성인"
"긴때타올","MAPAA011","기타용품 > 기타용품"
"꽃핀","TOY045","기타용품 > 기타용품"
"남 래쉬가드","DORH2233","수영복 > 남 성인"
"남 반바지(엘르)","EUSMJ73","수영복 > 남 성인"
"남 보행기튜브","MAPTB31","튜브 > 남"
"남 보행기튜브(신규)","MAPTB310","튜브 > 남"
"남 자동차보행기 튜브","MAPTB45","튜브 > 남"
"남 파라솔보행기 튜브","MAPTB61","튜브 > 남"
"남 파라솔보행기 튜브(디코)","DICO001","튜브 > 남"
"남 파라솔보행기(디코)","DICO001","튜브 > 남"
"남기획레깅스","A0BM1PZ17","수영복 > 남 성인"
"남녀공용 쿨링 썬쉴드 자켓","01J168BLK2XL","기타용품 > 기타용품"
"남래쉬가드","DNRH1214","수영복 > 남 성인"
"남보행기튜브","MAPTB32","튜브 > 남"
"남성 4부","E0SMITK76","수영복 > 남 성인"
"남성 4부(루즈핏)","E0SMITK77","수영복 > 남 성인"
"남성 래쉬가드","A4BM1RR01","수영복 > 남 성인"
"남성 래쉬가드(민소매)","E0SMOTG35","수영복 > 남 성인"
"남성 래쉬가드(셔츠)","E0SMOMG04","수영복 > 남 성인"
"남성 래쉬가드(집업)","E0SMOMG01","수영복 > 남 성인"
"남성 레깅스 트렁크","E0SMOMJ44","수영복 > 남 성인"
"남성 반바지","FTRC801S","수영복 > 남 성인"
"남성 에슬레져 레깅스","E0SMOXD15","수영복 > 남 성인"
"남성 에슬레져 레깅스 트렁크(9부)","E0SMOXD45","수영복 > 남 성인"
"남성 트렁크","E0SMOTJ43","수영복 > 남 성인"
"남성 트렁크(전체다꼬)","EVSMJ02","수영복 > 남 성인"
"남성 트렁트","E0SMOMJ05","수영복 > 남 성인"
"남성 INDOOR 2부","EVSTK12","수영복 > 남 성인"
"남성 INDOOR 4부","EVSVK74","수영복 > 남 성인"
"남성 INDOOR 실내사부(구.EUPTI01)","EVSTJ01","수영복 > 남 성인"
"남성 INDOOR 실내사부(구.EUPTI10)","EUPTI10","수영복 > 남 성인"
"남성 INDOOR 실내사부(구.EUPTI15)","EUPTI15","수영복 > 남 성인"
"남성 INDOOR 헐랭이","EVFMITK06","기타용품 > 기타용품"
"남성 OUTDOOR 래쉬가드","EVSTG02","수영복 > 남 성인"
"남성 OUTDOOR 래쉬가드 (반팔)","EVSTG68","수영복 > 남 성인"
"남성 OUTDOOR 래쉬가드 (집/구.EUSMG01)","EVSMG01","수영복 > 남 성인"
"남성 OUTDOOR 래쉬가드 (집업)","EVSTG67","수영복 > 남 성인"
"남성 OUTDOOR 래쉬가드(레이어드)","E3SMOTG14","수영복 > 남 성인"
"남성 OUTDOOR 래쉬가드(루즈핏)","E3SMOTG13","수영복 > 남 성인"
"남성 outdoor 래쉬가드(집업)","EVSMG56","수영복 > 남 성인"
"남성 OUTDOOR 래쉬가드(집업)","EVSMG56","수영복 > 남 성인"
"남성 OUTDOOR 래쉬가드[ZIP-UP]","E3SMOTG15","수영복 > 남 성인"
"남성 OUTDOOR 아우터(후드집업)","EVFMOMQ04","기타용품 > 기타용품"
"남성 OUTDOOR 워터레깅스","EVAMX22","수영복 > 남 성인"
"남성 OUTDOOR 짚업 래쉬가드 (구.EUSMG69)","EVSMG69","수영복 > 남 성인"
"남성 OUTDOOR 트렁크","E3SMOTJ16","수영복 > 남 성인"
"남성 OUTDOOR 트렁크 (9부레깅스)","E3SMOTJ17","수영복 > 남 성인"
"남성 OUTDOOR 트렁크 (다꼬)","EVSMJ46","수영복 > 남 성인"
"남성 OUTDOOR 트렁크 (반다꼬)","EVSMJ56","수영복 > 남 성인"
"남성_2PCS/집업래쉬가드","A4BM1PC72","수영복 > 남 성인"
"남성_2PCS/집엎래쉬가드","A4BM1PC11BLK110","수영복 > 남 성인"
"남성_2PCS/짚업래쉬가드","A4BM1PC71","수영복 > 남 성인"
"남성_단품/래쉬가드","A4BM1PR05","수영복 > 남 성인"
"남성_단품/레깅스","A4BM1PZ01","수영복 > 남 성인"
"남성_단품/반바지","A3BM1WP51","수영복 > 남 성인"
"남성4부","E3SMITK03","수영복 > 남 성인"
"남성단품레깅스","A0BM1PZ18","수영복 > 남 성인"
"남성래쉬가드","E3SMOMG02","수영복 > 남 성인"
"남성래쉬가드(엘르)","E0SMOTG25","수영복 > 남 성인"
"남성래쉬가드(집업)","EUSMG35","수영복 > 남 성인"
"남성래쉬가드(집업/구.ETFMG64)","EUSMG64","수영복 > 남 성인"
"남성래쉬가드(집업/총,백)","EUSMG71","수영복 > 남 성인"
"남성래쉬가드(Zip-up)","E2FMOMG05","수영복 > 남 성인"
"남성사각","E3SMITI01","수영복 > 남 성인"
"남성상의","ASSRR96","수영복 > 남 성인"
"남성스판사각","HRP603","수영복 > 남 성인"
"남성용 구명조끼 (90KG 이하)","APAAJ24","부력복 > 90KG"
"남성전략실내(4부/구.ETPTI01)","EUPTI01","수영복 > 남 성인"
"남성트렁크","EUSMJ30","수영복 > 남 성인"
"남성트렁크(엘르)","EVFMOTJ01","수영복 > 남 성인"
"남성트렁크(총,백)","EUSMJ70","수영복 > 남 성인"
"남아 2PCS 세트","E3SBOVL72","수영복 > 남아"
"남아 4부","E0SBIVK79","수영복 > 남아"
"남아 래쉬가드","AVBBC61","수영복 > 남아"
"남아 래쉬가드(집업)+바지+수모 SET","E0SBOVL51","수영복 > 남아"
"남아 래쉬가드+바지+수모 SET","E0SBOVL08","수영복 > 남아"
"남아 생존 키트","E3NBIVM81","부력복 > 부력복"
"남아 슈트","","수영복 > 남아"
"남아 슈트+수모 SET","E0SBOVU52","수영복 > 남아"
"남아 저스트쿨 체크세트","02AL232B","수영복 > 남아"
"남아 트렁크","E0SBOVJ53","수영복 > 남아"
"남아 INDOOR 4부","EVFBIVK04","수영복 > 남아"
"남아 INDOOR 아쿠아탑","EVFBIVQ01","수영복 > 남아"
"남아 INDOOR SET(래쉬가드+팬츠)","EVFBIVL01","수영복 > 남아"
"남아4부","E2FBIVK75","수영복 > 남아"
"남아동 4부","E0NBIVK01","수영복 > 남아"
"남아동 키즈서프집업세트","02AL222","수영복 > 남아"
"남아동 INDOOR 4부","EVSVK75","수영복 > 남아"
"남아동 OUTDOOR 래쉬가드 SET","E3SBOVL71","수영복 > 남아"
"남아동 OUTDOOR 래쉬가드(집업) + 팬츠 SET","EVSVL63","수영복 > 남아"
"남아동 OUTDOOR 래쉬가드+팬츠 SET","EVSVL41","수영복 > 남아"
"남아동_2PCS/래쉬가드","AVBBS92","수영복 > 남아"
"남아동_단품/4부","AVSBF63","수영복 > 남아"
"남아동_단품/래쉬가드","A4BB1BC01BLK070","수영복 > 남아"
"남아동_단품/레깅스팬츠","A4BB1BW02","수영복 > 남아"
"남아동_단품/반바지","AVBBW62","수영복 > 남아"
"남아동_키트/SET","A4BB1KB02","수영복 > 남아"
"남아동래쉬가드+반바지","EUSRU78","수영복 > 남아"
"남아동래쉬가드+반바지SET(집업)","EUCRU86","수영복 > 남아"
"남아동버킷햇","AUABH62","모자 > 비치모자"
"남아동셋트","A0BB1BS06","수영복 > 남아"
"남아동스판4부","MAPBQ01","수영복 > 남아"
"남아동하의","ASSBF61","수영복 > 남아"
"남아레깅스","E3SBOVX74","수영복 > 남아"
"남아비치햇","A4AC1BH01","수영복 > 남아"
"남아슈트","E3SBOVU73","수영복 > 남아"
"남아스판5부(해와달)","NASSAU01","수영복 > 남아"
"남일반 4부사각","A5SM1MF02GRN095","수영복 > 남 성인"
"남판매용수영복(15)그린","MAPMQ01","수영복 > 남 성인"
"남판매용수영복(15)노랑","MAPMQ01","수영복 > 남 성인"
"남판매용수영복(15)블루","MAPMQ01","수영복 > 남 성인"
"남판매용수영복(15)주황","MAPMQ01","수영복 > 남 성인"
"남판매용수영복(15)화이트","MAPMQ01","수영복 > 남 성인"
"남판매용수영복(15)회색","MAPMQ01","수영복 > 남 성인"
"넘버링 4부 팬츠","A5BM1PP06","수영복 > 남 성인"
"넘버링 5부 팬츠","A5BB1BW81","수영복 > 남아"
"넘버링 9부 레깅스","A5BG1GD06","수영복 > 여아"
"넘버링 집업 래쉬가드","A5BB1BC06","수영복 > 남아"
"네오보호 4부 팬츠","A6FM1PP01","수영복 > 남 성인"
"노아 집업 래쉬가드 세트","A5BB1BS03","수영복 > 남아"
"누드브라","MAPAZ90","기타용품 > 기타용품"
"누드브라(HARD-TYPE)","AKAAP03","기타용품 > 기타용품"
"누드브라(HARD-TYPE구.AKAAP03)","AUAAP05","기타용품 > 기타용품"
"누드브라(SOFT-TYPE 구.AKAAP02)","AUAAP04","기타용품 > 기타용품"
"누드브라(SOFT-TYPE)","AKAAP02","기타용품 > 기타용품"
"뉴베라 (솔리드) 스킨삭스(190-200)","FSSC701RD4","스킨슈즈 > SIZE 열 사용"
"뉴베라 (솔리드) 스킨삭스(210-220)","FSSC701RD4","스킨슈즈 > SIZE 열 사용"
"뉴베라 (솔리드) 스킨삭스(225-235)","FSSC701RD4","스킨슈즈 > SIZE 열 사용"
"뉴베라 (솔리드) 스킨삭스(240-250)","FSSC701RD4","스킨슈즈 > SIZE 열 사용"
"뉴베라 (솔리드) 스킨삭스(255-265)","FSSC701RD4","스킨슈즈 > SIZE 열 사용"
"뉴베라 BBA 스킨삭스(190-215)","FSSC701RD3","스킨슈즈 > 190"
"뉴베라 BBA 스킨삭스(215-230)","FSSC701RD3","스킨슈즈 > 230"
"뉴베라 BBA 스킨삭스(230-240)","FSSC701RD3","스킨슈즈 > 230-240"
"뉴베라 BBA 스킨삭스(240-250)","FSSC701RD3","스킨슈즈 > 240-250"
"뉴베라 BBA 스킨삭스(255-265)","FSSC701RD3","스킨슈즈 > SIZE 열 사용"
"뉴베라 BBA 스킨삭스(270-280)","FSSC701RD3","스킨슈즈 > 270-280"
"뉴베라 BBA 스킨삭스(285)","FSSC701RD3","스킨슈즈 > SIZE 열 사용"
"니트 아쿠아슈즈","A5AC1OS81","아쿠아슈즈 > SIZE 열 사용"
"다목적 슬링백(방수팩)","WPS20","방수팩 > 방수팩"
"다용도 방수팩(블랙)","MAPSP02","방수팩 > 방수팩"
"다용도 방수팩(화이트)","MAPSP02","방수팩 > 방수팩"
"다이브랩_패디","DL001ZZZ000","기타용품 > 기타용품"
"다이브인 집업 래쉬가드 세트","A5BB1BS82","수영복 > 남아"
"데이지 키즈 래쉬가드 +바지 SET","E3SGOUL73","수영복 > 여아"
"돌고래튜브","MAPTB57","튜브 > 공용"
"드라이백","AUAAB19","가방 > 가방"
"드라이백(10L)","AUAAB19","가방 > 가방"
"드래곤(아동용)","AOAAL51","수모 > 코팅수모"
"드리프트 4부","A5BM1MD19BLU095","수영복 > 남 성인"
"디카팩 스마트 방수팩(블랙)","WPAQ10","방수팩 > 방수팩"
"디카팩 스마트 방수팩(화이트)","WPAQ10","방수팩 > 방수팩"
"때타올","MAPAA003","기타용품 > 기타용품"
"때타올[김해롯데 자판기]","MAPAA105","기타용품 > 기타용품"
"때타올2개","MAPAA003","기타용품 > 기타용품"
"때타올3개","MAPAA003","기타용품 > 기타용품"
"라라비치 썬크림","LALABEACH001","화장품 > 화장품"
"라피아모자","AUASH03","모자 > 야구모자"
"랏츠 워터 플랩캡 (민트)","LZFC01","모자 > 플랩캡"
"랏츠 워터 플랩캡 (블랙)","LZFC01","모자 > 플랩캡"
"랏츠 워터 플랩캡 (오렌지)","LZFC01","모자 > 플랩캡"
"래쉬가드 배색나그랑 네이비그린","SicRGK_07103","수영복 > 여 성인"
"래쉬가드 자말클래식 WH","SicRGK_07111","수영복 > 여 성인"
"래쉬가드전용브라컵","EVBAK21","기타용품 > 기타용품"
"러쉬 2부 레깅스 팬츠","A5BL1PW06","수영복 > 여 성인"
"러핑업 워터레깅스_네이비","SicLGK_06002","수영복 > 여 성인"
"런웨이브 아크 스킨삭스(150~165)","FSSC701RD","스킨슈즈 > 150"
"런웨이브 아크 스킨삭스(170~185)","FSSC701RD","스킨슈즈 > 170"
"레고 닌자고 레거시 로이드 키체인","TOY032","기타용품 > 기타용품"
"레고 닌자고 레거시 제이 키체인","TOY030","기타용품 > 기타용품"
"레고 닌자고 레거시 카이 키체인","TOY031","기타용품 > 기타용품"
"레고 미니피겨 키체인 라이트 스페이스맨 - 레드","TOY037","기타용품 > 기타용품"
"레고 미니피겨 키체인 라이트 스페이스맨 - 블루","TOY036","기타용품 > 기타용품"
"레고 미니피겨 키체인 라이트 퍼그","TOY038","기타용품 > 기타용품"
"레고 미니피겨 키체인 라이트 피기 가이","TOY028","기타용품 > 기타용품"
"레고 미니피겨 키체인 라이트 호두까기 인형","TOY033","기타용품 > 기타용품"
"레고 백택 버터플라이 걸","TOY040","기타용품 > 기타용품"
"레고 클래식 고스트 키체인","TOY035","기타용품 > 기타용품"
"레고 클래식 바나나 백택 NEW","TOY041","기타용품 > 기타용품"
"레고 클래식 바나나맨 키체인","TOY025","기타용품 > 기타용품"
"레고 클래식 버터플라이 걸 키체인","TOY039","기타용품 > 기타용품"
"레고 클래식 산타 키체인","TOY021","기타용품 > 기타용품"
"레고 클래식 상어 슈트 가이 키체인","TOY022","기타용품 > 기타용품"
"레고 클래식 선인장 보이 키체인","TOY023","기타용품 > 기타용품"
"레고 클래식 진저브레드 키체인","TOY029","기타용품 > 기타용품"
"레고 클래식 초콜릿 버니 키체인","TOY027","기타용품 > 기타용품"
"레고 클래식 핫도그 키체인","TOY024","기타용품 > 기타용품"
"레고 클래식 화이트 버니 키체인","TOY026","기타용품 > 기타용품"
"레고 해적 선장 키체인","TOY034","기타용품 > 기타용품"
"레노마 남아래쉬가드","RNBS5995","수영복 > 남아"
"레노마 남아레깅스","RNVS18991","수영복 > 남아"
"레노마 남아세트","RNBS17952","수영복 > 남아"
"레노마 남아수트","RNBS5872","수영복 > 남아"
"레노마 여2PCS","RNLS18909","수영복 > 여 성인"
"레노마 여래쉬가드","RNTS6965","수영복 > 여 성인"
"레노마 여세트","RNLS18914","수영복 > 여 성인"
"레노마 여아 2pcs","8801111111515","수영복 > 여아"
"레노마 여아3PCS","RNGS5903","수영복 > 여아"
"레노마 여아반바지","RNBS18901","수영복 > 여아"
"레노마 여아세트","RNGS19951","수영복 > 여아"
"레노마 여원피스랩","RNLF3878","수영복 > 여 성인"
"레노마여성셋트","RN-LS18910","수영복 > 여 성인"
"레이서 래쉬가드 세트","A5BB1BS06","수영복 > 남아"
"레인보우 공용 보드숏","RAIN0001","수영복 > 공용"
"로레아 여성 집업 래쉬가드 세트","A6BL1SR23","수영복 > 여 성인"
"로브_BATHROBE 001758","A0SC2AJ71","기타용품 > 기타용품"
"로시놀 남아래쉬가드","SQOMRKN116","수영복 > 남아"
"로켓발사","AUAAQ53","수모 > 코팅수모"
"로티로리본염고리수건","LWTOWEL01","기타용품 > 기타용품"
"로티로리어린이바스타올","LWTOWEL02","기타용품 > 기타용품"
"록시 성인수경","RF33GO042","수경 > 성인"
"록시 여래쉬가드","R521RS033","수영복 > 여 성인"
"록시 여반바지","R521BS204","수영복 > 여 성인"
"록시 여아래쉬","R521RS031","수영복 > 여아"
"록시 여아래쉬가드","R521RS031","수영복 > 여아"
"록시 여자 2PCS 세트","RD21RS069","수영복 > 여 성인"
"록시 여자 래쉬가드","RD21RS109","수영복 > 여 성인"
"록시 여자 레깅스","RD21RT123","수영복 > 여 성인"
"록시 여자 레깅스(SHO","RD21RT125","수영복 > 여 성인"
"록시 여자 레깅스(SHORT)","RD21RT125","수영복 > 여 성인"
"록시 여자 레깅스SHORT)","RD21RT125","수영복 > 여 성인"
"록시 여자 반바지","RD21BS126","수영복 > 여 성인"
"록시 여자 썬드레스","RD21RS134","기타용품 > 기타용품"
"록시 여자 집업 래쉬가드","RD31RZ042","수영복 > 여 성인"
"록시 여자 집업래쉬가드","RD21RZ120","수영복 > 여 성인"
"록시 여자 크롭 집업 래쉬가드","RD31RZ043","수영복 > 여 성인"
"록시 여자 크롭 집업래쉬가드","RD21RZ116","수영복 > 여 성인"
"록시 타올 IT FEELS LIKE SUMMER","RE23TW015","수영복 > 여 성인"
"록시반바지(49)","MAPPW11","수영복 > 여 성인"
"롤리폴리 소봉투","ROLY001ZZZ001","기타용품 > 기타용품"
"롤리폴리 오로라2500","ROLY001","기타용품 > 기타용품"
"롤리폴리 중량캔디","ROLY001","기타용품 > 기타용품"
"롤리폴리 투명캔디머신세트(젤리빈스)","ROLY001","기타용품 > 기타용품"
"롱기장 슬리브리스","S1ML1SL02","기타용품 > 기타용품"
"리나 여성 집업 래쉬가드 세트","A6BL1SR21","수영복 > 여 성인"
"리솜 스마트 방수팩(화이트)","RESOM01WHT000","방수팩 > 방수팩"
"리안 집업 래쉬가드 세트","A5BB1BS05","수영복 > 남아"
"리프코랄 남성 4부","A5BM1MF11BLK105","수영복 > 남 성인"
"린스","MAPAA002","화장품 > 화장품"
"린스[김해롯데 자판기]","MAPAA101","화장품 > 화장품"
"린스3개","MAPAA002","화장품 > 화장품"
"마리오 2.5인치 고양이마리오 피규어","TOY020","기타용품 > 기타용품"
"마리오 2.5인치 너구리마리오 피규어","TOY018","기타용품 > 기타용품"
"마리오 2.5인치 루이지 피규어","TOY017","기타용품 > 기타용품"
"마리오 2.5인치 마리오 피규어","TOY043","기타용품 > 기타용품"
"마리오 2.5인치 멍멍이 피규어","TOY015","기타용품 > 기타용품"
"마리오 2.5인치 뻐끔플라워 피규어","TOY044","기타용품 > 기타용품"
"마리오 2.5인치 파이어마리오 피규어","TOY019","기타용품 > 기타용품"
"마리오 2.5인치 피치공주 피규어","TOY016","기타용품 > 기타용품"
"마리오 카트레이서 WAVE 5","TOY042","기타용품 > 기타용품"
"마린 플레이어 원피스 싱글 크로스 스트랩백","A5BL1LO04WHT100","수영복 > 여 성인"
"마크 레귤러핏 집업 래쉬가드 세트","A5BM1PC06","수영복 > 남 성인"
"마크 집업 래쉬가드","A5BB1BC03","수영복 > 남아"
"막대사탕_캔디","CANDY01","기타용품 > 기타용품"
"망사가방","EVBAB15","가방 > 가방"
"망사가방 大","E3BAAAB03","가방 > 가방"
"망사가방 大[온라인전용]","E3NAAAB05","가방 > 가방"
"망사가방 小","E3BAAAB04","가방 > 가방"
"매트릭스 3부","A5BM1MD15","수영복 > 남 성인"
"머리끈","MAPAA00","기타용품 > 기타용품"
"머리끈2개","MAPAA00","기타용품 > 기타용품"
"머리끈3개","MAPAA00","기타용품 > 기타용품"
"메쉬캡(구.ATAAS11)","AUAAS11","수모 > 스판수모"
"면도기","MAPAA008","일회용품 > 일회용품"
"면도기[김해롯데 자판기]","MAPAA107","일회용품 > 일회용품"
"면라이크 반팔티셔츠","S2MC1RT10","기타용품 > 기타용품"
"면실캣 티셔츠","S2MC1RT08","기타용품 > 기타용품"
"모노마크 4부","A5FM1PM14","수영복 > 남 성인"
"모던도트","AVAAQ11","수모 > 코팅수모"
"모자 비치버킷햇","A5AC1SH02","모자 > 비치모자"
"모자_비치캡","A2AC1SH03","모자 > 비치모자"
"모자_아동선바이저","A5AC1BH04","모자 > 비치모자"
"모자_아레나로고모자 (구.A5AC1SH04)","A6AC1SH05","모자 > 야구모자"
"모자_여아동버킷햇","AVAGH62","모자 > 비치모자"
"모자_지사햇","AVASH03","모자 > 비치모자"
"모자_키즈 쿨 쉐이드캡","A6AC1BH05","모자 > 플랩캡"
"몰랑이 튜브70여","MAPTB05","튜브 > 여"
"물총_대(아라칸 워터건) A400","A400-23G","기타용품 > 기타용품"
"물총_대(아라칸 워터건) A400남","A400-23G","기타용품 > 기타용품"
"물총_대(아라칸 워터건) A400여","A400-23G","기타용품 > 기타용품"
"물총_소(익사이팅 워터건)A320","EX-22G(A320)","기타용품 > 기타용품"
"물총_소(익사이팅 워터건)A320여","EX-22G(A320)","기타용품 > 기타용품"
"물총_중(다이나믹 워터건)A380","DA-22G(A380)","기타용품 > 기타용품"
"물총_중(다이나믹 워터건)A380 남","DA-22G(A380)","기타용품 > 기타용품"
"물총_중(다이나믹 워터건)A380 핑크","DA-22G(A380)","기타용품 > 기타용품"
"물총_중(다이나믹 워터건)A380남","DA-22G(A380)","기타용품 > 기타용품"
"물총_중(다이나믹 워터건)A380여","DA-22G(A380)","기타용품 > 기타용품"
"물총_중(다이나믹 워터건)A380핑크","DA-22G(A380)","기타용품 > 기타용품"
"물총_특대(아라칸 워터건) A580","A580-23G","기타용품 > 기타용품"
"물총_특대(아라칸 워터건) A580여","A580-23G","기타용품 > 기타용품"
"미니마우스 보행기 튜브","MAPTB36","튜브 > 공용"
"미니마우스 하트배낭물총","521XB","기타용품 > 기타용품"
"미니언즈다기능비치백","DICO002","가방 > 가방"
"미니언즈비치백(사각)","DICO004","가방 > 가방"
"미니투명손가방","AUAAB01","가방 > 가방"
"미러수경","FGLC550MR","수경 > 성인"
"미정산액","00006","기타용품 > 기타용품"
"미확인 여하의","S-2000","수영복 > 여 성인"
"바디워시","MAPAA005","화장품 > 화장품"
"바디워시[김해롯데 자판기]","MAPAA102","화장품 > 화장품"
"박스나시 래쉬가드","RGC_3001","수영복 > 여 성인"
"반달 가방","E0BAAAB03","가방 > 가방"
"반바지","A5BM1WP42","수영복 > 남 성인"
"방수기저귀(3P) L (M)","MAPWN01","일회용품 > 일회용품"
"방수기저귀(3P) XL (L)","MAPWN01","일회용품 > 일회용품"
"방수기저귀(3P) XXL","MAPWN01","일회용품 > 일회용품"
"방수마스크","MAPMA01","일회용품 > 일회용품"
"방수마스크(3)","MAPMA01","일회용품 > 일회용품"
"방수팩 디카팩 WP-C2s BLK","MAPSP06","방수팩 > 방수팩"
"방수팩(대)","APAAJ32","방수팩 > 방수팩"
"방수팩(소)(구.AVAAJ31)","A0AC1AJ41","방수팩 > 방수팩"
"배낭물총","MAPWG04","기타용품 > 기타용품"
"밴딩팬츠 비치웨어 보드숏","02AL048","수영복 > 공용"
"버블소다 원피스 크로스 스트랩백","A5BL1LO10","수영복 > 여 성인"
"버블쿤(구.ARAAL03)","AUAAL03","수모 > 코팅수모"
"베이직 무지 집업 래쉬가드 블랙 [2XL]","RGC_2023","수영복 > 여 성인"
"베이직 무지 집업 래쉬가드 블랙 [L]","RGC_2023","수영복 > 여 성인"
"베이직 무지 집업 래쉬가드 블랙 [M]","RGC_2023","수영복 > 여 성인"
"베이직 무지 집업 래쉬가드 블랙 [S]","RGC_2023","수영복 > 여 성인"
"베이직 무지 집업 래쉬가드 블랙 [XL]","RGC_2023","수영복 > 여 성인"
"베이직 팬츠","S2MC1HP09","기타용품 > 기타용품"
"베이직키즈","AVAAQ51","수모 > 코팅수모"
"베이직키즈(구.ATAAQ51)","AUAAQ51","수모 > 코팅수모"
"벨라 원피스","A5SL1SO02","수영복 > 여 성인"
"보이런던 남사각스판","BOM711","수영복 > 남 성인"
"보이런던 남스판5부","B0B-705","수영복 > 남 성인"
"보이런던 남아사각스판","BOM711","기타용품 > 기타용품"
"보조배터리(블랙)","POWERBANK01","기타용품 > 기타용품"
"보조배터리(화이트)","POWERBANK02","기타용품 > 기타용품"
"보조배터리8핀(화이트)","POWERBANK03","기타용품 > 기타용품"
"보조배터리C타입(화이트)","POWERBANK03","기타용품 > 기타용품"
"볼륨누드브라","ARAAP03","기타용품 > 기타용품"
"볼륨브라컵(구.A1AC1AU01)","A2AC1AU01","기타용품 > 기타용품"
"볼륨브라컵(구.AVAAU01)","A2AC1AU01BEGM","기타용품 > 기타용품"
"볼캡(모자)","MAPCP04","모자 > 야구모자"
"부력보조복(100KG)","A2AC1AJ26","부력복 > 100KG"
"부력보조복(15KG)","A2AC1AJ20","부력복 > 15KG"
"부력보조복(40KG)","A2AC1AJ22","부력복 > 40KG"
"부력보조복(75KG)","A2AC1AJ24","부력복 > 75KG"
"뷰도수수경","V510","수경 > 성인"
"뷰수경","V500S","수경 > 성인"
"블루웨이브 남성 노노래쉬가드","B42MRLT20","수영복 > 남 성인"
"블루웨이브 남성 도트 반바지","B42MRWP20","수영복 > 남 성인"
"블루웨이브 남성 도트래쉬가드","B42MRLT10","수영복 > 남 성인"
"블루웨이브 남성 라인 반바지","B42MRWP30","수영복 > 남 성인"
"블루웨이브 남성 래쉬가드","B22MRLT01","수영복 > 남 성인"
"블루웨이브 남성 반바지","B22MRWP01","수영복 > 남 성인"
"블루웨이브 남성 베이직 반바지","B42MRWP10","수영복 > 남 성인"
"블루웨이브 남성 야자수 래쉬가드","B62MRLT30","수영복 > 남 성인"
"블루웨이브 남성 야자수 반바지","B62MRWP40","수영복 > 남 성인"
"블루웨이브 남성 우븐팬츠","B32MRWP05","수영복 > 남 성인"
"블루웨이브 남성 워터레깅스","B22MRLG01","수영복 > 남 성인"
"블루웨이브 남성 집업 래쉬가드","B22MRZP01","수영복 > 남 성인"
"블루웨이브 브라탑","B42WRBT20","수영복 > 여 성인"
"블루웨이브 여성 래쉬가드","B22FRLT01","수영복 > 여 성인"
"블루웨이브 여성 워터 브라탑","B32WRBT20","수영복 > 여 성인"
"블루웨이브 여성 워터레깅스","B22FRLG01","수영복 > 여 성인"
"블루웨이브 여성 집업 래쉬가드","B22FRZP01","수영복 > 여 성인"
"비치또봇","MAPTB42","기타용품 > 기타용품"
"비치모자","EUBAA10","모자 > 비치모자"
"비치바지 고래의꿈","BP_6007_2XL","수영복 > 남 성인"
"비치바지 라이드","BP_6003","수영복 > 남 성인"
"비치바지 레게 5부 2XL","BP205M","수영복 > 남 성인"
"비치바지 레게 5부 3XL","BP205M","수영복 > 남 성인"
"비치바지 레게 5부 L","BP205M","수영복 > 남 성인"
"비치바지 레게 5부 XL","BP205M","수영복 > 남 성인"
"비치바지 무지그린 5부","SicBPC_00117_M5","수영복 > 남 성인"
"비치바지 무지네이비(5부)","SicBPC_00116_M5","수영복 > 남 성인"
"비치바지 무지블랙","BP_00115","수영복 > 남 성인"
"비치바지 무지블랙 3부","SicBPC_00115_W3","수영복 > 여 성인"
"비치바지 무지블랙 4부","SicBPC_00115_M4","수영복 > 남 성인"
"비치바지 무지블랙 5부","SicBPC_00115_M5","수영복 > 남 성인"
"비치바지 무지오렌지 5부","SicBPC_00118_M5","수영복 > 남 성인"
"비치바지 비치 68 5부 2XL","BP204M","수영복 > 남 성인"
"비치바지 비치 68 5부 3XL","BP204M","수영복 > 남 성인"
"비치바지 비치 68 5부 L","BP204M","수영복 > 남 성인"
"비치바지 비치 68 5부 XL","BP204M","수영복 > 남 성인"
"비치바지 비치68","BP_6001","수영복 > 남 성인"
"비치바지 서핑그린 5부","SicBPC_00120_M5","수영복 > 남 성인"
"비치바지 서핑오렌지","BP_6005","수영복 > 남 성인"
"비치바지 서핑오렌지 5부","SicBPC_00121_M5","수영복 > 남 성인"
"비치바지 알로하","BP_6004","수영복 > 남 성인"
"비치바지 오션투어 5부","SicBPC_00112_M5","수영복 > 남 성인"
"비치바지 요트세일링 5부 2XL","BP201M","수영복 > 남 성인"
"비치바지 요트세일링 5부 3XL","BP201M","수영복 > 남 성인"
"비치바지 요트세일링 5부 L","BP201M","수영복 > 남 성인"
"비치바지 요트세일링 5부 XL","BP201M","수영복 > 남 성인"
"비치바지 지오메트리","BP_6012_2XL","수영복 > 남 성인"
"비치바지 지오메트리 5부","SicBPC_00111_M5","수영복 > 남 성인"
"비치바지 트로피칼","BP_6010","수영복 > 남 성인"
"비치바지 트로피컬 5부","SicBPC_00114_M5","수영복 > 남 성인"
"비치바지 파라솔","BP_6006_2XL","수영복 > 남 성인"
"비치바지 파인애플","BP_6008","수영복 > 남 성인"
"비치바지 퍼시픽오션","BP_6009","수영복 > 남 성인"
"비치바지 퍼시픽오션 5부 2XL","BP203M","수영복 > 남 성인"
"비치바지 퍼시픽오션 5부 3XL","BP203M","수영복 > 남 성인"
"비치바지 퍼시픽오션 5부 L","BP203M","수영복 > 남 성인"
"비치바지 퍼시픽오션 5부 XL","BP203M","수영복 > 남 성인"
"비치바지 항해","BP_6011","수영복 > 남 성인"
"비치바지 항해 5부 2XL","BP202M","수영복 > 남 성인"
"비치바지 항해 5부 3XL","BP202M","수영복 > 남 성인"
"비치바지 항해 5부 L","BP202M","수영복 > 남 성인"
"비치바지 항해 5부 XL","BP202M","수영복 > 남 성인"
"비치볼","MAPTB42","기타용품 > 기타용품"
"비치볼 또봇","MAPTB42","기타용품 > 기타용품"
"비치볼 방울이","MAPTB42","기타용품 > 기타용품"
"비치볼 축구","MAPTB42","기타용품 > 기타용품"
"비치볼남","MAPTB42","기타용품 > 기타용품"
"비치볼또봇","MAPTB42","기타용품 > 기타용품"
"비치볼방울이","MAPTB42","기타용품 > 기타용품"
"비치볼여","MAPTB42","기타용품 > 기타용품"
"비치볼축구","MAPTB42","기타용품 > 기타용품"
"비치타올","A2AC1AT11","기타용품 > 기타용품"
"비치타올 (BATH타올)","AQAAT11","기타용품 > 기타용품"
"빅라인","AUAAQ08","수모 > 코팅수모"
"빅물결","AVAAL03","수모 > 코팅수모"
"빌라봉 남 후드 집업 래쉬가드","MR691BAR","수영복 > 남 성인"
"빌라봉 남래쉬가드","MR591BWC","수영복 > 남 성인"
"빌라봉 남보드숏","M1801BSB","수영복 > 남 성인"
"빌라봉 남성 래쉬가드","MWLYAICL","수영복 > 남 성인"
"빌라봉 남성 반바지","M1801BSB","수영복 > 남 성인"
"빌라봉 남성 탱크 나시","MT851BNA","기타용품 > 기타용품"
"빌라봉 남성 후드 집업 래쉬가드","MR701BAL","수영복 > 남 성인"
"빌라봉 남아동 래쉬가드","BR591BRO","수영복 > 남아"
"빌라봉 남아동 보드숏","B1821BAB","수영복 > 남아"
"빌라봉 남아동 후드 래쉬가드","BA015852","수영복 > 남아"
"빌라봉 여성 래쉬가드","AF013K07","수영복 > 여 성인"
"빌라봉 여성 레깅스","AJ013-400","수영복 > 여 성인"
"빌라봉 여성 반바지","AG013K15","수영복 > 여 성인"
"빌라봉 여성 반소매 래쉬 가드","JR041BCL","수영복 > 여 성인"
"빌라봉 여성 집업 래쉬가드","AJ013H02","수영복 > 여 성인"
"빌라봉 여성 크롭탑 래쉬가드","XR10EMAL","수영복 > 여 성인"
"빌라봉 여아동 바디슈트 래쉬가드","GR561BBS","수영복 > 여아"
"빌라봉 여아동 집업 래쉬가드","GR551BF2","수영복 > 여아"
"빌라봉 타올 ARCH TOWEL","AE13TW017","기타용품 > 기타용품"
"빌라봉 타올 TURN THE TIDE TOWEL","AE13TW094","기타용품 > 기타용품"
"빌라봉 타올 WAVE TOWEL","AE13TW017","기타용품 > 기타용품"
"뽀로로 민소매","MAPBF02","기타용품 > 기타용품"
"뽀로로 세트1 (상의+하의)","P0RORO","수영복 > 아동공용"
"뽀로로 세트2 (상의+하의)","P0RORO","수영복 > 아동공용"
"뽀로로 하의+수모","MAPBF01","수영복 > 아동공용"
"뽀로로가디건","MAPBC05","기타용품 > 기타용품"
"사각비치볼","MAPTB51","기타용품 > 기타용품"
"사각크로스백","E3BAAAB02","가방 > 가방"
"사선물결2","APAAL02","수모 > 코팅수모"
"사은 브라탑","ESBAD01WH","수영복 > 여 성인"
"사은 심리스 여성팬티","LZFC00ZZZ000","기타용품 > 기타용품"
"사은 주머니(폴리백)","MAPAZ01","기타용품 > 기타용품"
"사은주머니(폴리백)","MAPAZ01","기타용품 > 기타용품"
"사인에이 4부","A5FM1PM15NVY105","수영복 > 남 성인"
"산리오 고양이 박스 랜덤 피규어","TOY71","기타용품 > 기타용품"
"산리오 귀도리","TOY88","기타용품 > 기타용품"
"산리오 녹는 마음 랜덤 피규어","TOY69","기타용품 > 기타용품"
"산리오 눈웃음 키링 마멜","TOY65","기타용품 > 기타용품"
"산리오 눈웃음 키링 시나모롤","TOY67","기타용품 > 기타용품"
"산리오 눈웃음 키링 쿠로미","TOY66ZZZ000","기타용품 > 기타용품"
"산리오 눈웃음 키링 키티","TOY64","기타용품 > 기타용품"
"산리오 니트장갑","TOY87","기타용품 > 기타용품"
"산리오 도장 랜덤 피규어","TOY72","기타용품 > 기타용품"
"산리오 디저트 세트 랜덤 피규어","TOY50ZZZ000","기타용품 > 기타용품"
"산리오 레트로 컴퓨터 탁상시계[마이멜로디]","SAN-RCC-B-MM","기타용품 > 기타용품"
"산리오 레트로 컴퓨터 탁상시계[시나모롤]","SAN-RCC-B-CN","기타용품 > 기타용품"
"산리오 레트로 컴퓨터 탁상시계[쿠로미]","SAN-RCC-B-KU","기타용품 > 기타용품"
"산리오 롤러 레스토랑 랜덤 피규어","TOY58","기타용품 > 기타용품"
"산리오 마우스패드","SAN-RPP-A-MK","기타용품 > 기타용품"
"산리오 멀티페어링 무선 마우스[마이멜로디]","SAN-TMS-A-MM","기타용품 > 기타용품"
"산리오 멀티페어링 무선 마우스[시나모롤]","SAN-TMS-A-CN","기타용품 > 기타용품"
"산리오 멀티페어링 무선 마우스[쿠로미]","SAN-TMS-A-KU","기타용품 > 기타용품"
"산리오 모니터 방향제[리필]","SAN-MAF-A-RF","기타용품 > 기타용품"
"산리오 모니터 방향제[마이멜로디]","SAN-MAF-A-MM","기타용품 > 기타용품"
"산리오 모니터 방향제[시나모롤]","SAN-MAF-A-CN","기타용품 > 기타용품"
"산리오 모니터 방향제[쿠로미]","SAN-MAF-A-KU","기타용품 > 기타용품"
"산리오 모니터 피규어[마이멜로디]","SAN-RFG-A-MM","기타용품 > 기타용품"
"산리오 모니터 피규어[시나모롤]","SAN-RFG-A-CM","기타용품 > 기타용품"
"산리오 모니터 피규어[쿠로미]","SAN-RFG-A-KU","기타용품 > 기타용품"
"산리오 모니터 피규어[포차코]","SAN-RFG-C-PC","기타용품 > 기타용품"
"산리오 모니터 피규어[헬로키티]","SAN-RFG-C-HK","기타용품 > 기타용품"
"산리오 무선 미니 고데기[시나모롤]","SAN-RHS-A-CN","기타용품 > 기타용품"
"산리오 무선 미니 고데기[쿠로미]","SAN-RHS-A-KU","기타용품 > 기타용품"
"산리오 미니 랜덤 피규어","TOY49","기타용품 > 기타용품"
"산리오 별밤 마법사 랜덤 피규어","TOY60","기타용품 > 기타용품"
"산리오 비즈 뽑기기계 랜덤 피규어","TOY82","기타용품 > 기타용품"
"산리오 쁘띠무드등[마이멜로디]","SAN-RML-B-MM","기타용품 > 기타용품"
"산리오 쁘띠무드등[시나모롤]","SAN-RML-B-CN","기타용품 > 기타용품"
"산리오 쁘띠무드등[쿠로미]","SAN-RML-B-KU","기타용품 > 기타용품"
"산리오 쁘띠무드등[헬로키티]","SAN-RML-B-HK","기타용품 > 기타용품"
"산리오 소녀 랜덤 피규어","TOY46","기타용품 > 기타용품"
"산리오 스키장갑","TOY86","기타용품 > 기타용품"
"산리오 스텐 텀블러 용량-500ml","TOY61ZZZ000","기타용품 > 기타용품"
"산리오 스틱 버블봉","LLAAZ23","기타용품 > 기타용품"
"산리오 액자 스피커","SAN-PFS-A-MK","기타용품 > 기타용품"
"산리오 온습도계[마이멜로디]","SAN-THC-A-MM","기타용품 > 기타용품"
"산리오 온습도계[쿠로미]","SAN-THC-A-KU","기타용품 > 기타용품"
"산리오 이츠초타임[포차코]","SAN-ICT-BG-PC","기타용품 > 기타용품"
"산리오 이츠초타임[헬로키티]","SAN-ICT-BG-HK","기타용품 > 기타용품"
"산리오 장패드","SAN-RMP-A-MM","기타용품 > 기타용품"
"산리오 차량용 방향제[마이멜로디]","SAN-RAF-A-MM","기타용품 > 기타용품"
"산리오 차량용 방향제[쿠로미]","SAN-RAF-A-KU","기타용품 > 기타용품"
"산리오 차량용 번호판[시나모롤]","SAN-CNP-A-CM","기타용품 > 기타용품"
"산리오 차량용 번호판[쿠로미]","SAN-CNP-A-KU","기타용품 > 기타용품"
"산리오 차량용 LED 방향제[리필]","SAN-RAF-B-RF","기타용품 > 기타용품"
"산리오 차량용 LED 방향제[마이멜로디]","SAN-RAF-B-MM","기타용품 > 기타용품"
"산리오 차량용 LED 방향제[헬로키티]","SAN-RAF-B-HK","기타용품 > 기타용품"
"산리오 캐릭터 스틱 버블(키티)","LLAAZ23","기타용품 > 기타용품"
"산리오 쿠로미 스틱버블","LLAAZ23","기타용품 > 기타용품"
"산리오 타임타이머[쿠로미]","SAN-RTT-B-KU","기타용품 > 기타용품"
"산리오 타임타이머[헬로키티]","SAN-RTT-B-HK","기타용품 > 기타용품"
"산리오 핫팩","TOY85","기타용품 > 기타용품"
"산리오 USB 멀티허브[마이멜로디]","SAN-RUSB-B-MM","기타용품 > 기타용품"
"산리오 USB 멀티허브[시나모롤]","SAN-RUSB-B-CM","기타용품 > 기타용품"
"산리오 USB 멀티허브[쿠로미]","SAN-RUSB-B-KU","기타용품 > 기타용품"
"산리오버블스틱틱","LLAAZ23","기타용품 > 기타용품"
"상호X 남스판5부","DAM202","수영복 > 남 성인"
"상호X 여아세트","DAJ-500","수영복 > 여아"
"샘플_브랜드X_(블루원만)","LUEONEZZZ","기타용품 > 기타용품"
"생리대 중","MAPAA013","일회용품 > 일회용품"
"생리대(탐폰)","MAPAA004","일회용품 > 일회용품"
"생리대(탐폰)3개","MAPAA004","일회용품 > 일회용품"
"생리대중[김해롯데 자판기]","MAPAA109","일회용품 > 일회용품"
"샤워타올","MAPAA012","기타용품 > 기타용품"
"샤워타올[김해롯데 자판기]","MAPAA108","기타용품 > 기타용품"
"샴푸","MAPAA001","화장품 > 화장품"
"샴푸[김해롯데 자판기]","MAPAA100","화장품 > 화장품"
"서비스고리브라","MAPAZ022","기타용품 > 기타용품"
"서플로 남성 HANGFIVE 보드숏 CHARCOAL","SBS20M110","수영복 > 남 성인"
"서플로 남성 HANGFIVE 보드숏 L.BLUE","SBS20M110","수영복 > 남 성인"
"서플로 남성 HANGFIVE 보드숏 RED","SBS20M110RDOL","수영복 > 남 성인"
"서플로 남성 SKIPPER 보드숏 BLUE","SBS20M111","수영복 > 남 성인"
"서플로 남성 SKIPPER 보드숏 CHARCOAL","SBS20M111","수영복 > 남 성인"
"서플로 남성 SKIPPER 보드숏 RED","SBS20M111RDOL","수영복 > 남 성인"
"서플로 남성 SWAY 베이직 슬림핏 래쉬가드 BLUE","SRG20M103","수영복 > 남 성인"
"서플로 여성 BASIC LEGGINGS 워터레깅스 ASH BLUE","SBS20FW125","수영복 > 여 성인"
"서플로 여성 BASIC LEGGINGS 워터레깅스 ASH PINK","SBS20FW125","수영복 > 여 성인"
"서플로 여성 CHILLAX 슬림핏 크롭 래쉬가드 RED","SRG20W102","수영복 > 여 성인"
"서플로 여성 DIVA 돌핀팬츠 3부 보드숏 BLACK","SBS20W109","수영복 > 여 성인"
"서플로 여성 DIVA 돌핀팬츠 3부 보드숏 BLUE","SBS20W109","수영복 > 여 성인"
"서플로 여성 DIVA 돌핀팬츠 3부 보드숏 WHITE","SBS20W109","수영복 > 여 성인"
"서플로 여성 FLOATER 3부 보드숏 BLUE","SBS20W108","수영복 > 여 성인"
"서플로 여성 FLOATER 3부 보드숏 RED","SBS20W108","수영복 > 여 성인"
"서플로 여성 FLOATER 3부 보드숏 YELLOW","SBS20W108","수영복 > 여 성인"
"서플로 여성 HANGFIVE 4부 보드숏 BLUE","SBS20W106","수영복 > 여 성인"
"서플로 여성 HANGFIVE 4부 보드숏 L.BLUE","SBS20W106LBOM","수영복 > 여 성인"
"서플로 여성 HANGFIVE 4부 보드숏 RED","SBS20W106RDOM","수영복 > 여 성인"
"서플로 여성 LIGHTNING 3부 보드숏 CHARCOAL","SBS20W107","수영복 > 여 성인"
"서플로 여성 STORMER 집업 래쉬가드 BLACK","SRG20W101","수영복 > 여 성인"
"서플로 여성 STORMER 집업 래쉬가드 BLUE","SRG20W101","수영복 > 여 성인"
"서플로 여성 STORMER 집업 래쉬가드 L.BLUE","SRG20W101","수영복 > 여 성인"
"서플로 여성 STORMER 집업 래쉬가드 YELLOW","SRG20W101","수영복 > 여 성인"
"서플로 여성 SWAY 베이직 슬림핏 래쉬가드 CHARCOAL","SRG20W100","수영복 > 여 성인"
"서플로 여성 SWAY 베이직 슬림핏 래쉬가드 L.BLUE","SRG20W100","수영복 > 여 성인"
"서플로 여성 SWAY 베이직 슬림핏 래쉬가드 RED","SRG20W100RDOM","수영복 > 여 성인"
"서플로 여성 SWAY 베이직 슬림핏 래쉬가드 WHITE","SRG20W100","수영복 > 여 성인"
"성인 스노클","ESBAX21","스노클 > 시니어"
"성인 아쿠아슈즈","E3NAAAU06","아쿠아슈즈 > SIZE 열 사용"
"성인공용 아우터(후드집업)","E0SLOSQ37","기타용품 > 기타용품"
"성인공용 트렁크","E0SLOLW27","수영복 > 남 성인"
"성인비치벙거지모자","MAPCP35","모자 > 비치모자"
"성인비치벙거지모자남","MAPCP35","모자 > 비치모자"
"성인비치벙거지모자여","MAPCP35","모자 > 비치모자"
"성인비치캡모자","MAPCP36","모자 > 야구모자"
"성인스노클세트","A2AC1AJ52BLU000","스노클 > 시니어"
"성인아쿠아슈즈","A0AC1AJ61","아쿠아슈즈 > SIZE 열 사용"
"성인와이드플랩캡","MAPCP37","모자 > 플랩캡"
"성인와이드플랩캡 (BLK)","MAPCP37","모자 > 플랩캡"
"성인와이드플랩캡 (IVY)","MAPCP37","모자 > 플랩캡"
"성인와이드플랩캡 (PNK)","MAPCP37","모자 > 플랩캡"
"성인와이드플랩캡 (PPL)","MAPCP37","모자 > 플랩캡"
"성인칫솔","MAPAA006","일회용품 > 일회용품"
"성인판초","AVAAJ71","기타용품 > 기타용품"
"성인플랩캡","ETBAA01","모자 > 플랩캡"
"성인플랩캡(구.EUBAA01)","EVBAA01","모자 > 플랩캡"
"셀바 4부","A5SM1MF11GRN100","수영복 > 남 성인"
"셔레이드쇼 메쉬수모_TWIPSY","A6AC1AS80","수모 > 스판수모"
"손가방","E3BAAAB72","가방 > 가방"
"손가방(大)","EUBAB33","가방 > 가방"
"솔라가드 남성 후드 집업 래쉬가드","A6BM1RR15","수영복 > 남 성인"
"솔라랩 남성 4부 쇼츠","A6MM1HP01","수영복 > 남 성인"
"솔라랩 남성 래쉬가드","A6BM1RR13","수영복 > 남 성인"
"솔라랩 남성 숏슬리브 래쉬가드","A6BM1RR11","수영복 > 남 성인"
"솔라랩 남성 집업 래쉬가드","A6BM1RR14","수영복 > 남 성인"
"솔라랩 여성 원피스","A6BL1SO11","수영복 > 여 성인"
"솔라랩 여성 집업 래쉬가드","A6BL1QR14","수영복 > 여 성인"
"솔라랩 여성 타이업 래쉬가드","A6BL1QR12","수영복 > 여 성인"
"솔라이트 여성 반팔","A6ML1RT01","기타용품 > 기타용품"
"솜사탕","FOOD002","기타용품 > 기타용품"
"숄더백","AOAAB07","가방 > 가방"
"숄더백(구.ATAAB04)","AUAAB04","가방 > 가방"
"숄더백(구.ATAAB05)","AUAAB05","가방 > 가방"
"숏핀","A2AC1AF03","기타용품 > 기타용품"
"수겨","MAPTB62","튜브 > 공용"
"수경","E3BAAAG51","수경 > 아동"
"수경 AGW-470M","AGW-470M","수경 > 성인"
"수경 AS4FGG41UZ","A5AC2AG62","수경 > 성인"
"수경 AS4FGG41UZ(구.A4AC2AG62)","A5AC2AG62","수경 > 성인"
"수경_003150","A0AC2AG81","수경 > 성인"
"수경_003150(구.A0AC2AG81)","A2AC2AG81","수경 > 성인"
"수경_003151","A0AC2AG82","수경 > 성인"
"수경_003151(구.A0AC2AG82)","A1AC2AG82","수경 > 성인"
"수경_003151(구.A1AC2AG82)","A2AC2AG82","수경 > 성인"
"수경_AGE-770(구.A1AC2AG77)","A2AC2AG77","수경 > 성인"
"수경_AGE-770J(구.A1AC2AG78)","A2AC2AG78","수경 > 아동"
"수경_AGL-1100TE","A1AC2AG31","수경 > 성인"
"수경_AGL-1300E","A2AC2AG15","수경 > 성인"
"수경_AGL-130ME(구.A1AC2AG13)","A2AC2AG13BLK000","수경 > 성인"
"수경_AGL-1400ME","A2AC2AG14","수경 > 성인"
"수경_AGL-180M","A0SC2AG02","수경 > 성인"
"수경_AGL-180ME(구.A0AC2AG18)","A1AC2AG18","수경 > 성인"
"수경_AGL-180ME(구.A1AC2AG18)","A2AC2AG18","수경 > 성인"
"수경_AGL-180MSW","AVAAG68","수경 > 성인"
"수경_AGL-180MSW(구.A1AC2AG68)","A2AC2AG68","수경 > 성인"
"수경_AGL-200PA(구.AUAAG20)","AVAAG20","수경 > 성인"
"수경_AGL-210MPA","AVFAG63","수경 > 성인"
"수경_AGL-210MPA(구.AUAAG21)","AVAAG21","수경 > 성인"
"수경_AGL-2300ME","A2AC2AG23BLK000","수경 > 성인"
"수경_AGL-240M","AVFAG62","수경 > 성인"
"수경_AGL-240M(구.AUAAG24)","AVAAG24","수경 > 성인"
"수경_AGL-240ME(구.A1AC2AG24)","A2AC2AG24","수경 > 성인"
"수경_AGL-240ME(구.AVAAG24)","A0AC2AG24","수경 > 성인"
"수경_AGL-2800KE(구.A0AC2AG28)","A1AC2AG28","수경 > 성인"
"수경_AGL-2800KE(구.A1AC2AG28)","A2AC2AG28","수경 > 성인"
"수경_AGL-3100KE","A2AC2AG31","수경 > 성인"
"수경_AGL-370MKE","A2AC2AG37","수경 > 성인"
"수경_AGL-370MKE(구.A2AC2AG37)","A3AC2AG37","수경 > 성인"
"수경_AGL-370MKE(구.A3AC2AG37)","A4AC2AG37","수경 > 성인"
"수경_AGL-500E","A2AC2AG50","수경 > 성인"
"수경_AGL-5100J(구.AUAAG51)","A0AC2AG51","수경 > 아동"
"수경_AGL-510MKE","A2AC2AG53","수경 > 성인"
"수경_AGL-510MKE(구.A2AC2AG53)","A3AC2AG53","수경 > 성인"
"수경_AGL-520E(구.A0AC2AG52)","A2AC2AG52","수경 > 성인"
"수경_AGL-520E(구.AVAAG52)","A0AC2AG52","수경 > 성인"
"수경_AGL-540PA(구.AUAAG54)","AVAAG54","수경 > 성인"
"수경_AGL-550MPA(구.AUAAG55)","AVAAG55","수경 > 성인"
"수경_AGL-7500J(구.AUAAG75)","AVAAG75","수경 > 아동"
"수경_AGL-8100E(구.A3AC2AG81)","A4AC2AG81","수경 > 성인"
"수경_AGL-9500GK(구.AUAAG02)","AVAAG02","수경 > 성인"
"수경_AGL-9500GKE(구.A1AC2AG02)","A2AC2AG02","수경 > 성인"
"수경_AGL-9500GKE(구.AVAAG02)","A0AC2AG02","수경 > 성인"
"수경_AGL-9600E(구.AIAAG96)","AVAAG96","수경 > 성인"
"수경_AGL200PAKE(구.AVAAG20)","A0AC2AG20","수경 > 성인"
"수경_AGL210MPAE(구.AVAAG21)","A0AC2AG21","수경 > 성인"
"수경_AGL2500MTE(구.AVAAG25)","A0AC2AG25","수경 > 성인"
"수경_AGL260MTE(구.A0AC2AG26)","A1AC2AG26","수경 > 성인"
"수경_AGL5100JKE(구.A1AC2AG51)","A2AC2AG51","수경 > 아동"
"수경_AGL5100JKE(구.AVAAG51)","A0AC2AG51","수경 > 아동"
"수경_AGL540PAKE(구.A1AC2AG54)","A2AC2AG54","수경 > 성인"
"수경_AGL550MPAE(구.A1AC2AG55)","A2AC2AG55","수경 > 성인"
"수경_AGL590TE(구.AVAAG59)","A0AC2AG59","수경 > 성인"
"수경_AGL7100JKE(구.A3AC2AG71)","A4AC2AG71","수경 > 아동"
"수경_AGL7500JKE(구.A0AC2AG75)","A1AC2AG75","수경 > 아동"
"수경_AGL7500JKE(구.A1AC2AG75)","A2AC2AG75","수경 > 아동"
"수경_AGL7500JKE(구.A3AC2AG75)","A4AC2AG75","수경 > 아동"
"수경_AGL7500JKE(구.A4AC2AG75)","A5AC2AG75BLK000","수경 > 성인"
"수경_AGL7500JKE(구.A5AC2AG75)","A6AC2AG75GRN000","수경 > 성인"
"수경_AGL7500JKE(구.AVAAG75)","A0AC2AG75","수경 > 아동"
"수경_AGL850MEKE(구.A1AC2AG85)","A2AC2AG85","수경 > 성인"
"수경_AGT-610E(구.A0AC2AG61)","A1AC2AG61","수경 > 성인"
"수경_AGT-610E(구.A1AC2AG61)","A2AC2AG61CLA000","수경 > 성인"
"수경_AGT-610E(구.A3AC2AG61)","A4AC2AG61BLU000","수경 > 성인"
"수경_AGT-610E(구.AVAAG61)","A0AC2AG61","수경 > 성인"
"수경_AGW-380J","A5AC1AG38BLK000","수경 > 아동"
"수경_AGW-380J(구.A4AC1AG38)","A5AC1AG38","수경 > 아동"
"수경_AGW-380J(아동용)구.A0AC1AG38","A1AC1AG38","수경 > 아동"
"수경_AGW-380J(아동용)구.A1AC1AG38","A2AC1AG38","수경 > 아동"
"수경_AGW-390J(아동용)구.A0AC1AG39","A1AC1AG39","수경 > 아동"
"수경_AGW-390J(아동용)구.A1AC1AG39","A2AC1AG39","수경 > 아동"
"수경_AGW-390J(아동용)구.AVAAG39","A0AC1AG39","수경 > 아동"
"수경_AGW-410(구.A4AC1AG41)","A5AC1AG41","수경 > 성인"
"수경_AGW-420(구.A4AC1AG42)","A6AC1AG42","수경 > 성인"
"수경_AGW-420M(구.A4AC1AG42)","A5AC1AG42","수경 > 성인"
"수경_AGW-450(구.A3AC1AG45)","A4AC1AG45CLA000","수경 > 성인"
"수경_AGW-450(구.AQAAG45)","AVAAG45","수경 > 성인"
"수경_AGW-460M(구.A1AC1AG46)","A2AC1AG46PNK000","수경 > 성인"
"수경_AGW-470M(구.A1AC1AG47)","A2AC1AG47WHT000","수경 > 성인"
"수경_AGY-380 (구.A0AC2AG01)","A1AC2AG01","수경 > 성인"
"수경_AGY-380 (구.A1AC2AG01)","A2AC2AG01","수경 > 성인"
"수경_AS4FGG41UZ","A4AC2AG62","수경 > 성인"
"수경_AS5SGG43UZ(구.A5AC2AG81)","A6AC2AG81CLA000","수경 > 성인"
"수경_AS5SGG72JZ(구.A5AC2AG71)","A6AC2AG71","수경 > 성인"
"수경_AS5SGG76JZ(구.A5AC2AG75)","A6AC2AG75","수경 > 성인"
"수경케이스","E3BAAAD02","기타용품 > 기타용품"
"수모_스판수모","A2AC1AS01","수모 > 스판수모"
"수모_스판수모(구.AVAAS01)","A0AC1AS01","수모 > 스판수모"
"수피 페기민티셔츠","FTSB705R","기타용품 > 기타용품"
"수피-크록스 크록밴드 클로그(230)","CROCSAD00","기타용품 > 기타용품"
"수피-크록스 크록밴드 클로그(240)","CROCSAD00","기타용품 > 기타용품"
"수피-크록스 크록밴드 클로그(250)","CROCSAD00","기타용품 > 기타용품"
"수피-크록스 크록밴드 클로그(260)","CROCSAD00","기타용품 > 기타용품"
"수피-크록스 크록밴드 클로그(265)","CROCSAD00","기타용품 > 기타용품"
"수피-크록스 크록밴드 클로그(270)","CROCSAD00","기타용품 > 기타용품"
"수피-크록스 크록밴드 클로그(280)","CROCSAD00","기타용품 > 기타용품"
"수피-크록스 크록밴드 클로그(290)","CROCSAD00","기타용품 > 기타용품"
"수피-크록스 크록밴드 키즈 클로그(175)","CROCSJR00","기타용품 > 기타용품"
"수피-크록스 크록밴드 키즈 클로그(180)","CROCSJR00","기타용품 > 기타용품"
"수피-크록스 크록밴드 키즈 클로그(190)","CROCSJR00","기타용품 > 기타용품"
"수피-크록스 크록밴드 키즈 클로그(200)","CROCSJR00","기타용품 > 기타용품"
"수피-크록스 크록밴드 키즈 클로그(210)","CROCSJR00","기타용품 > 기타용품"
"수피-크록스 크록밴드 키즈 클로그(220)","CROCSJR00","기타용품 > 기타용품"
"수피-크록스 크록밴드 키즈 클로그(240)","CROCSJR00","기타용품 > 기타용품"
"수피-크록스 크록밴드 키즈 클로그(250)","CROCSJR00","기타용품 > 기타용품"
"슈퍼마리오 20인치 자이언트 피규어","TOY011","기타용품 > 기타용품"
"슈퍼패드","EUBAK19","기타용품 > 기타용품"
"스노클링(성인용)","AMAAJ02","스노클 > 시니어"
"스노클세트(아동용)","ATAAJ53","스노클 > 주니어"
"스마트 방수팩(라임)","MAPSP01","방수팩 > 방수팩"
"스마트 방수팩(블랙)","MAPSP01","방수팩 > 방수팩"
"스마트 방수팩(핑크)","MAPSP01","방수팩 > 방수팩"
"스마트 방수팩(화이트)","MAPSP01","방수팩 > 방수팩"
"스마트 방수팩화이트","MAPSP01","방수팩 > 방수팩"
"스몰로고 베이직 티셔츠","S2MC1RT41","기타용품 > 기타용품"
"스쿠버고래","AUAAL53","수모 > 코팅수모"
"스텔라 원피스","A5BL1SO03","수영복 > 여 성인"
"스트라이프 아동플랩캡","MAPCP39","모자 > 플랩캡"
"스티커 3부","A5BM1MF01","수영복 > 남 성인"
"스틱 버블봉","LLAAZ23","기타용품 > 기타용품"
"스틱버블봉","LLAAZ23","기타용품 > 기타용품"
"스판수모","E3BAAAS01","수모 > 스판수모"
"스판수모_두건아쿠아수모","AVAAS10","수모 > 스판수모"
"스판수모_메쉬캡","A2AC1AS11","수모 > 스판수모"
"스판수모_메쉬캡(구.A0AC1AS11)","A1AC1AS11","수모 > 스판수모"
"스판수모_배이직 스판수모","A5AC1AS01","수모 > 스판수모"
"스판수모_베이직 스판수모","A5AC1AS01","수모 > 스판수모"
"스판수모(구.ATAAS01)","AUAAS01","수모 > 스판수모"
"스판수모(구.AUAAS01)","AVAAS01","수모 > 스판수모"
"스판수모(김해롯데)_모자","MAPCC02","수모 > 스판수모"
"스판수모(웅진)_모자","MAPCC02","수모 > 스판수모"
"스팡글 플라워","AJAAL02","수모 > 코팅수모"
"스피도 남아반바지","SJTR3116J","수영복 > 남아"
"슬링백(방수팩)","SVAXG03","방수팩 > 방수팩"
"습식타올_습식타올(대)(구.A1AC1AX05)","A2AC1AX05","기타용품 > 기타용품"
"시나모롤 캐릭터튜브(65cm)","MAPTB62","튜브 > 공용"
"시리즈제로 파도캡","SICAP001","기타용품 > 기타용품"
"시크릿(산리오, 짱구) 미니 노트","TOY79","기타용품 > 기타용품"
"신규쇼핑백(소)-사은쇼핑백","A5AC1AZ95ZZZ","기타용품 > 기타용품"
"신형 귀마개","ANAAE02","기타용품 > 기타용품"
"신형 귀마개(구.ANAAE02)","AUAAE02","기타용품 > 기타용품"
"실리코팅수모_1973","AVAAL11","수모 > 코팅수모"
"실리코팅수모_1973(구.AVAAL11)","A0AC1AL11","수모 > 코팅수모"
"실리코팅수모_그라데이션(구.A1AC1AL01)","A2AC1AL01","수모 > 코팅수모"
"실리코팅수모_그라데이션(구.AUAAL01)","AVAAL01","수모 > 코팅수모"
"실리코팅수모_꽃송이","AVAAL10","수모 > 코팅수모"
"실리코팅수모_뉴아레나","A0AC1AL02","수모 > 코팅수모"
"실리코팅수모_도레미파","A2AC1AL07","수모 > 코팅수모"
"실리코팅수모_돌핀(구.A4AC1AL06)","A5AC1AL06","수모 > 코팅수모"
"실리코팅수모_리틀디노","AVAAL53","수모 > 코팅수모"
"실리코팅수모_모던(이지핏)","A3AC1AL01","수모 > 코팅수모"
"실리코팅수모_몬스터즈(아동)","A3AC1AL52","수모 > 코팅수모"
"실리코팅수모_볼드아레나","A2AC1AL02","수모 > 코팅수모"
"실리코팅수모_삼색아레나","AVAAL52","수모 > 코팅수모"
"실리코팅수모_삼색아레나(구.A0AC1AL52)","A1AC1AL52","수모 > 코팅수모"
"실리코팅수모_샤베트(이지핏)(구.A4AC1AL07)","A5AC1AL07","수모 > 코팅수모"
"실리코팅수모_스페셜(아동)","A2AC1AL51","수모 > 코팅수모"
"실리코팅수모_오버랩아레나(구.A1AC1AL09)","A2AC1AL09","수모 > 코팅수모"
"실리코팅수모_유니콘(아동)","A5AC1AL52","수모 > 코팅수모"
"실리코팅수모_이지아레나","A0AC1AL07","수모 > 코팅수모"
"실리코팅수모_이지투톤(EASY-FIT)(구.AUAAL11)","AVAAL06","수모 > 코팅수모"
"실리코팅수모_커브(이지핏)","A2AC1AL05","수모 > 코팅수모"
"실리코팅수모_큐트","A0AC1AL51","수모 > 코팅수모"
"실리코팅수모_큐티물결(AUAAL09)","AVAAL04","수모 > 코팅수모"
"실리코팅수모_플라워가든","A2AC1AL04","수모 > 코팅수모"
"실리코팅수모_헤리티지","AVAAL08","수모 > 코팅수모"
"실리콘수모","A2FC2AC26BLU000","수모 > 코팅수모"
"실리콘수모_20플레인(구.A0AC1AC20)","A1AC1AC20","수모 > 코팅수모"
"실리콘수모_20플레인(구.A1AC1AC20)","A2AC1AC20","수모 > 코팅수모"
"실리콘수모_다이아몬드","A2AC1AC06","수모 > 코팅수모"
"실리콘수모_볼륨아레나","A1AC1AC21","수모 > 코팅수모"
"실리콘수모_볼륨아레나(구.A1AC1AC21)","A2AC1AC21","수모 > 코팅수모"
"실리콘수모_블라썸(구.A0AC1AC13)","A1AC1AC13","수모 > 코팅수모"
"실리콘수모_쉐이딩","A2AC1AC09","수모 > 코팅수모"
"실리콘수모_스파클","A1AC1AC17","수모 > 코팅수모"
"실리콘수모_스파클링","A2AC1AC07","수모 > 코팅수모"
"실리콘수모_스페이스","A1AC1AC03","수모 > 코팅수모"
"실리콘수모_스피드(구.A1AC1AC05)","A2AC1AC05","수모 > 코팅수모"
"실리콘수모_어린왕자","A1AC1AC10","수모 > 코팅수모"
"실리콘수모_컬러링","A1AC1AC01","수모 > 코팅수모"
"실리콘수모_큐브","A1AC1AC04","수모 > 코팅수모"
"실리콘수모_큐브(구.A1AC1AC04)","A2AC1AC04","수모 > 코팅수모"
"실리콘수모_패치","A1AC1AC06","수모 > 코팅수모"
"실리콘수모_펭귄(롱헤어)","A2AC1AC08","수모 > 코팅수모"
"실리콘수모_플레인","A2AC1AC01","수모 > 코팅수모"
"실리콘수모_피스러브","A2AC1AC03","수모 > 코팅수모"
"실리콘수모_해피","A2AC1AC02","수모 > 코팅수모"
"실리콘수모_해피썸머","A1AC1AC12","수모 > 코팅수모"
"실리콘수모_ARN-0400J","A2FC2AC23","수모 > 코팅수모"
"실리콘수모_ARN-0900J","A2FC2AC24","수모 > 코팅수모"
"실리콘수모_ARN-9400J","A2FC2AC25NVY000","수모 > 코팅수모"
"실리콘수모_ARN-9900J","A2FC2AC26","수모 > 코팅수모"
"실리콘코팅수모","E3BAAAR21","수모 > 코팅수모"
"실리콘코팅수모(구.ESBAR89)","EUBAR89","수모 > 코팅수모"
"실리콘코팅수모(구.ETBAR73)","EUBAR73","수모 > 코팅수모"
"실리콘코팅수모(구.ETBAR75)","EUBAR75","수모 > 코팅수모"
"실리콘코팅수모(아동)","EUBAR97","수모 > 코팅수모"
"실리콘코팅수모(NEW)","ESBAR91","수모 > 코팅수모"
"실리콘코팅수모(NEW/아동)","ESBAR98","수모 > 코팅수모"
"심판복 폴로 티셔츠","A6SC1NX05","기타용품 > 기타용품"
"써니 스위머 슬리브리스 래쉬가드","A5BM1PR06","수영복 > 남 성인"
"써니 스위머 슬리브리스 래시가드(나시)","A5BM1PR06","수영복 > 남 성인"
"써니 집업 래쉬가드","A5BL1PQ12","수영복 > 여 성인"
"썬스틱","MAPSC02","화장품 > 화장품"
"아네라2PS","ASBSM44","수영복 > 여 성인"
"아동 반바지","AVSBW64","수영복 > 남아"
"아동 수경_AGW-380J","A5AC1AG38","수경 > 아동"
"아동 스킨삭스(돌고래)","FSSC701RD2","스킨슈즈 > SIZE 열 사용"
"아동 스킨삭스(벅키)","FSSC702","스킨슈즈 > SIZE 열 사용"
"아동 와이드플랩캡","MAPCP44NVY000","모자 > 플랩캡"
"아동 OUTDOOR 워터레깅스","EVAQX22","수영복 > 아동공용"
"아동가운","MAPBT03","기타용품 > 기타용품"
"아동가운 핑크","MAPBT03","기타용품 > 기타용품"
"아동가운남","MAPBT03","기타용품 > 기타용품"
"아동공용 레깅스","E0AGOQX01","수영복 > 공용"
"아동두건모자(고양이)","MAPCP08","모자 > 비치모자"
"아동미러수경(NEW)","EVBAG51","수경 > 성인"
"아동벙거지 블루","MAPCP34","모자 > 비치모자"
"아동벙거지 여","MAPCP34","모자 > 비치모자"
"아동벙거지남","MAPCP33","모자 > 비치모자"
"아동벙거지모자 여","MAPCP34","모자 > 비치모자"
"아동벙거지모자 핑크","MAPCP34","모자 > 비치모자"
"아동벙거지여","MAPCP34","모자 > 비치모자"
"아동비치가운","ASAAJ71","기타용품 > 기타용품"
"아동비치모자(라탄)","MAPCP14","모자 > 비치모자"
"아동비치벙거지 남","MAPCP34","모자 > 비치모자"
"아동비치벙거지 여","MAPCP34","모자 > 비치모자"
"아동비치벙거지남","MAPCP34","모자 > 비치모자"
"아동비치벙거지모자","MAPCP34","모자 > 비치모자"
"아동비치벙거지모자 남","MAPCP34","모자 > 비치모자"
"아동비치벙거지모자 여","MAPCP34","모자 > 비치모자"
"아동비치벙거지모자 핑크","MAPCP34","모자 > 비치모자"
"아동비치벙거지모자(남)","MAPCP34","모자 > 비치모자"
"아동비치벙거지모자남","MAPCP34","모자 > 비치모자"
"아동비치벙거지모자남아","MAPCP34","모자 > 비치모자"
"아동비치벙거지모자여","MAPCP34","모자 > 비치모자"
"아동비치벙거지모자여아","MAPCP34","모자 > 비치모자"
"아동비치벙거지모자핑크","MAPCP34","모자 > 비치모자"
"아동비치벙거지여","MAPCP34","모자 > 비치모자"
"아동비치타올가운","MAPBT03","기타용품 > 기타용품"
"아동수경","FGLC650","수경 > 성인"
"아동스노클세트","A2AC1AJ53COR000","스노클 > 주니어"
"아동스판갭모자남","MAPCP33","모자 > 야구모자"
"아동스판모자 핑크","MAPCP33","모자 > 야구모자"
"아동스판모자남","MAPCP33","모자 > 야구모자"
"아동스판모자여","MAPCP33","모자 > 야구모자"
"아동스판캡모자","MAPCP33","모자 > 야구모자"
"아동스판캡모자 남","MAPCP33","모자 > 야구모자"
"아동스판캡모자 블루","MAPCP33","모자 > 야구모자"
"아동스판캡모자 여","MAPCP33","모자 > 야구모자"
"아동스판캡모자 핑크","MAPCP33","모자 > 야구모자"
"아동스판캡모자남","MAPCP33","모자 > 야구모자"
"아동스판캡모자블루","MAPCP33","모자 > 야구모자"
"아동스판캡모자여","MAPCP33","모자 > 야구모자"
"아동스판캡모자핑크","MAPCP33","모자 > 야구모자"
"아동실리콘수모","EVBAC19","수모 > 코팅수모"
"아동실리콘코팅수모(구.ESBAR94)","EUBAR94","수모 > 코팅수모"
"아동실리콘코팅수모(구.ESBAR95)","EUBAR95","수모 > 코팅수모"
"아동썬크림","MAPTB56","화장품 > 화장품"
"아동썬크림(프라젠트라)","MAPSC03","화장품 > 화장품"
"아동아쿠아슈즈","AVAAJ62","아쿠아슈즈 > SIZE 열 사용"
"아동용 구명조끼 (6~12세/25~50KG)","AOAAJ21","부력복 > 25-50KG"
"아동워터레깅스","EUSQX70","수영복 > 아동공용"
"아동전략수경","EVBWG75","수경 > 성인"
"아동칫솔","MAPAA007","일회용품 > 일회용품"
"아동캡모자 여","MAPCP33","모자 > 야구모자"
"아동코팅수모(구.ESBAQ55)","EUBAQ55","수모 > 코팅수모"
"아동판초","AVAAJ72","기타용품 > 기타용품"
"아동플랩캡(구.ETBAA02)","EUBAA02","모자 > 플랩캡"
"아동플랩캡(구.ETBAA04)","EUBAA04","모자 > 플랩캡"
"아동플랩캡(구.EUBAA02)","EVBAA02","모자 > 플랩캡"
"아동플랩캡(구.EUBAA04)","EVBAA04","모자 > 플랩캡"
"아동후드집업_타올재질","DMTG1501","기타용품 > 기타용품"
"아라칸 드라이백 20L","AK-23DB","가방 > 가방"
"아라칸 스윔베스트25KG","MAPAJ01","부력복 > 25KG"
"아라칸 스윔베스트25KG 핑크","MAPAJ01","부력복 > 25KG"
"아라칸 스윔베스트25KG남","MAPAJ01","부력복 > 25KG"
"아라칸 스윔베스트25KG옐로우","MAPAJ01","부력복 > 25KG"
"아라칸 스윔베스트35KG","MAPAJ01","부력복 > 35KG"
"아라칸 스윔베스트35KG8809406738447","MAPAJ01","부력복 > 35KG"
"아라칸 스윔베스트35KG여","MAPAJ01","부력복 > 35KG"
"아라칸 아쿠아슈즈","ARKAQ01","아쿠아슈즈 > SIZE 열 사용"
"아라칸 암링자켓","MAPAJ01","부력복 > 부력복"
"아라칸 전동 워터건 (E230)","A23024G","기타용품 > 기타용품"
"아라칸부력복 15kg","MAPWP08","부력복 > 15KG"
"아라칸부력복 25kg","MAPWP06","부력복 > 25KG"
"아라칸부력복 35KG","MAPWP10","부력복 > 35KG"
"아라칸부력복 45kg","MAPWP2307","부력복 > 45KG"
"아라칸부력복 50KG","MAPWP10","부력복 > 50KG"
"아라칸부력복 60kg","MAPWP08","부력복 > 60KG"
"아라칸부력복 65KG","MAPWP10","부력복 > 65KG"
"아라칸부력복 75kg","MAPWP04","부력복 > 75KG"
"아라칸부력복 80KG","MAPWP10","부력복 > 80KG"
"아라칸부력복 95kg","MAPWP08","부력복 > 95KG"
"아라칸풀마스크스노클","MAPWG25","스노클 > 주니어"
"아레나 가방_드라이백 10L","A2AC1AB22","가방 > 가방"
"아레나 가방_드라이백 10L(구.A1AC1AB26)","A2AC1AB26","가방 > 가방"
"아레나 가방_드라이백 20L","A2AC1AB23","가방 > 가방"
"아레나 가방_드라이백 4L (버킷)(구.A1AC1AB29)","A2AC1AB29BLU000","가방 > 가방"
"아레나 가방_메쉬포켓가방","A2AC1AB19","가방 > 가방"
"아레나 가방_손가방","A2AC1AB09","가방 > 가방"
"아레나 가방_숄더백","A3AC1AB05","가방 > 가방"
"아레나 가방_숄더백(구.A0AC1AB18)","A2AC1AB18","가방 > 가방"
"아레나 귀마개","A3AC1AE01","기타용품 > 기타용품"
"아레나 그래픽 유니 루즈핏 반팔 티셔츠","A6MC1RT07","기타용품 > 기타용품"
"아레나 그래픽데이 남성 4부 쇼츠","A6MM1HP05","수영복 > 남 성인"
"아레나 그래픽데이 여성 슬림핏 집업 래쉬가드","A6BL1QR24","수영복 > 여 성인"
"아레나 글로아 원피스 세트","A6SL1SO02","수영복 > 여 성인"
"아레나 기획 반바지","A4BM1PP06","수영복 > 남 성인"
"아레나 기획여성","A5SL1PL31","수영복 > 여 성인"
"아레나 기획여성 레깅스 단품","A0BL1PA17","수영복 > 여 성인"
"아레나 기획여성3부 R","A3FL1PL16","수영복 > 여 성인"
"아레나 기획여성4부 X","A3FL1PL12BLK090","수영복 > 여 성인"
"아레나 남 레깅스","ASBPP32","수영복 > 남 성인"
"아레나 남 반바지","ASBWP35","수영복 > 남 성인"
"아레나 남 상의","ASSRR94","수영복 > 남 성인"
"아레나 남기획레깅스","A0BM1PZ17","수영복 > 남 성인"
"아레나 남레깅스","ASSRL91","수영복 > 남 성인"
"아레나 남반바지","AVFM1WP03","수영복 > 남 성인"
"아레나 남성 365 3부 팬츠","A5BM1WP41","수영복 > 남 성인"
"아레나 남성 365 4부 팬츠","A5BM1WP42","수영복 > 남 성인"
"아레나 남성 365 5부 팬츠","A5BM1WP43","수영복 > 남 성인"
"아레나 남성 365 레귤러핏 남성 집업 래쉬가드","A5BM1RR45","수영복 > 남 성인"
"아레나 남성 365 레귤러핏 슬리브리스 래쉬가드","A5BM1RR41","수영복 > 남 성인"
"아레나 남성 365 릴렉스핏 레이어드 래쉬가드","A5BM1RR44","수영복 > 남 성인"
"아레나 남성 365 릴렉스핏 숏슬리브 래쉬가드","A5BM1RR42","수영복 > 남 성인"
"아레나 남성 365 릴렉스핏 집업 래쉬가드","A5BM1RR46","수영복 > 남 성인"
"아레나 남성 3부","A4FM1MF05GRY105","수영복 > 남 성인"
"아레나 남성 4부","A4BM1MF11","수영복 > 남 성인"
"아레나 남성 4부 보드숏","A6BM1WP25","수영복 > 남 성인"
"아레나 남성 5부 쇼츠","A6BM1WP24","수영복 > 남 성인"
"아레나 남성 그린웨이브 3부 팬츠","A5BM1PP03","수영복 > 남 성인"
"아레나 남성 글램 3부 팬츠","A5BM1PP14","수영복 > 남 성인"
"아레나 남성 글램 슬리브리스 래쉬가드","A5BM1PR14SBL105","수영복 > 남 성인"
"아레나 남성 글램 슬리브리스 래쉬가드(나시)","A5BM1PR14","수영복 > 남 성인"
"아레나 남성 넘버링 4부 팬츠","A5BM1PP06","수영복 > 남 성인"
"아레나 남성 래쉬가드","A6BM1RR12","수영복 > 남 성인"
"아레나 남성 마크 레귤러핏 집업 래쉬가드 세트","A5BM1PC06","수영복 > 남 성인"
"아레나 남성 마티에르 선수4부","A5FM1CF01","수영복 > 남 성인"
"아레나 남성 반바지","A5BM1WP42","수영복 > 남 성인"
"아레나 남성 써니 스위머 슬리브리스 래시가드(나시)","A5BM1PR06","수영복 > 남 성인"
"아레나 남성 아카데믹 4부 팬츠","A5BM1PP05","수영복 > 남 성인"
"아레나 남성 에너지 5부 팬츠","A5BM1PP07","수영복 > 남 성인"
"아레나 남성 에반 4부 팬츠","A5BM1WP01","수영복 > 남 성인"
"아레나 남성 에센스 레귤러핏 집업 래쉬가드 세트","A5BM1PC05","수영복 > 남 성인"
"아레나 남성 에이든 4부 팬츠","A5SM1WP01","수영복 > 남 성인"
"아레나 남성 에이든 집업 래쉬가드","A5SM1RR01","수영복 > 남 성인"
"아레나 남성 캠프 4부 팬츠","A5BM1PP08","수영복 > 남 성인"
"아레나 남성 캠프 레귤러핏 집업 래쉬가드","A5BM1PR08","수영복 > 남 성인"
"아레나 남성 코어 5부 팬츠","A6BM1WP43","수영복 > 남 성인"
"아레나 남성 코코스 릴렉스핏 집업 래쉬가드 세트","A5BM1PC10","수영복 > 남 성인"
"아레나 남성 코코스 슬리브리스 래쉬가드","A5BM1PR10","수영복 > 남 성인"
"아레나 남성_2PCS/집엎래쉬가드","A4BM1PC72","수영복 > 남 성인"
"아레나 남성_2PCS/짚업래쉬가드","A4BM1PC03","수영복 > 남 성인"
"아레나 남성_단품/래쉬가드","A4BM1PR11","수영복 > 남 성인"
"아레나 남성_단품/레깅스","A4BM1PZ01","수영복 > 남 성인"
"아레나 남성_단품/반바지","A4BM1PP01","수영복 > 남 성인"
"아레나 남성_단품/반팔래쉬가드","A4BM1PR02","수영복 > 남 성인"
"아레나 남성_단품/반팔짚업래쉬가드","A4BM1PR02","수영복 > 남 성인"
"아레나 남성_단품/짚업래쉬가드","A4BM1PR07","수영복 > 남 성인"
"아레나 남성365 릴렉스핏 집업 래쉬가드","A5BM1RR46","수영복 > 남 성인"
"아레나 남성글램 슬리브리스 래쉬가드","A5BM1PR14","수영복 > 남 성인"
"아레나 남성단품레깅스","A0BM1PZ18","수영복 > 남 성인"
"아레나 남성반바지","ASSWP93","수영복 > 남 성인"
"아레나 남성에반 4부 팬츠","A5BM1WP01","수영복 > 남 성인"
"아레나 남아 노아 집업 래쉬가드 세트","A5BB1BS03","수영복 > 남아"
"아레나 남아 다이브인 집업 래쉬가드 세트","A5BB1BS33","수영복 > 남아"
"아레나 남아 레이서 래쉬가드 세트","A5BB1BS06","수영복 > 남아"
"아레나 남아 리안 집업 래쉬가드 세트","A5BB1BS05","수영복 > 남아"
"아레나 남아 에어 4부 레깅스","A5BB1BE01","수영복 > 남아"
"아레나 남아 올리 래쉬가드 세트","A5BB1BS33","수영복 > 남아"
"아레나 남아 워터멜론 래쉬가드","A5BB1BS31","수영복 > 남아"
"아레나 남아 코스탈 래쉬가드 세트","A5BB1BS83","수영복 > 남아"
"아레나 남아 파인 4부 슈트","A5BB1BI31","수영복 > 남아"
"아레나 남아4부","ARBBF66","수영복 > 남아"
"아레나 남아동_2PCS/래쉬가드","A4BB1BS01","수영복 > 남아"
"아레나 남아동_단품/래쉬가드","A4BB1BC81","수영복 > 남아"
"아레나 남아동_단품/레깅스","A4BB1BD01","수영복 > 남아"
"아레나 남아동_단품/레깅스팬츠","A4BB1BW02","수영복 > 남아"
"아레나 남아동_단품/반바지","A4BB1BW01","수영복 > 남아"
"아레나 남아동_키트/SET","A4BB1KB02","수영복 > 남아"
"아레나 남아동셋트","ATBBS94","수영복 > 남아"
"아레나 남아래쉬가드","A0SB1BC04","수영복 > 남아"
"아레나 남아점프수트","AOBBS22","수영복 > 남아"
"아레나 남아집업래쉬","AOSBS02","수영복 > 남아"
"아레나 남여아동 비치모자","ATAAB61","모자 > 비치모자"
"아레나 남일반 4부 사각","A4SM1MF12","수영복 > 남 성인"
"아레나 남일반총판전용","A4SM1MD19","수영복 > 남 성인"
"아레나 남일반총판전용3부","A3FM1MD18","수영복 > 남 성인"
"아레나 남일반총판전용4부","A3FM1MD17","수영복 > 남 성인"
"아레나 레인보우 아동 수경_AGW-390J(구.A4AC1AG39)","A5AC1AG39","수경 > 아동"
"아레나 루시 원피스","A5BL1SO01LYE090","수영복 > 여 성인"
"아레나 리더 2부 반신 레이서백","A5BL1PL81BLK085","수영복 > 여 성인"
"아레나 리오 래쉬가드 세트","A6BB1BS01","수영복 > 남아"
"아레나 망가방","ALAAB11","가방 > 가방"
"아레나 모자 넥플랩캡(BEG)","A6AC1SH01","모자 > 플랩캡"
"아레나 모자 넥플랩캡(BLK)","A6AC1SH01","모자 > 플랩캡"
"아레나 모자 비치모자(WHT)","A6AC1SH03","모자 > 비치모자"
"아레나 모자 비치버킷햇(BLK)","A6AC1SH02","모자 > 비치모자"
"아레나 모자 비치버킷햇(PNK)","A6AC1SH02","모자 > 비치모자"
"아레나 모자 비치버킷햇(WHT)","A6AC1SH02","모자 > 비치모자"
"아레나 모자_비치모자","A2AC1SH02","모자 > 비치모자"
"아레나 모자_비치캡","A2AC1SH03","모자 > 비치모자"
"아레나 방수팩 워터쉴드방수파우치(BLK)","A6AC1AB24","방수팩 > 방수팩"
"아레나 방수팩 워터쉴드방수파우치(WHT)","A6AC1AB24","방수팩 > 방수팩"
"아레나 방수팩 워터쉴드크로스백(BLK)","A6AC1AB28","방수팩 > 방수팩"
"아레나 방수팩 워터쉴드크로스백(WHT)","A6AC1AB28","방수팩 > 방수팩"
"아레나 버킷햇","AVABH62","모자 > 비치모자"
"아레나 버킷햇(남아동)","AVABH63","모자 > 비치모자"
"아레나 보헤미안 2부 팬츠","A6BL1PW04","수영복 > 여 성인"
"아레나 보헤미안 레귤러핏 래쉬가드 세트","A6BM1PC02","수영복 > 남 성인"
"아레나 보헤미안 비키니 세트","A6BL1PS07","수영복 > 여 성인"
"아레나 부력보조복_슬림핏 100KG","A2AC1AJ30","부력복 > 100KG"
"아레나 부력보조복_슬림핏 70KG","A2AC1AJ28BLK000","부력복 > 70KG"
"아레나 부력보조복_슬림핏 90KG","A2AC1AJ29","부력복 > 90KG"
"아레나 부력보조복(100KG)","A2AC1AJ26","부력복 > 100KG"
"아레나 부력보조복(15KG)","A2AC1AJ20","부력복 > 15KG"
"아레나 부력보조복(30KG)","A2AC1AJ21","부력복 > 30KG"
"아레나 부력보조복(40KG)","A2AC1AJ22","부력복 > 40KG"
"아레나 부력보조복(75KG)","A2AC1AJ24","부력복 > 75KG"
"아레나 부력보조복(90KG)","A2AC1AJ25","부력복 > 90KG"
"아레나 부력복(15KG)","A3AC1AJ20","부력복 > 15KG"
"아레나 부력복(30KG)","A3AC1AJ21","부력복 > 30KG"
"아레나 부력복(40KG)","A3AC1AJ22","부력복 > 40KG"
"아레나 서비스브라컵(고리브라)","AIAAZ90","기타용품 > 기타용품"
"아레나 성인수경","A6AC1AG41","수경 > 성인"
"아레나 성인아쿠아슈즈","A2AC1AJ61","아쿠아슈즈 > SIZE 열 사용"
"아레나 성인판초","AVAAJ71","기타용품 > 기타용품"
"아레나 셀리 가디건 커버업","A6SL1QR01","수영복 > 여 성인"
"아레나 셀리 래쉬가드 3PCS 세트","A6BG1GS01","수영복 > 여아"
"아레나 셀리 래쉬가드 세트","A6BB1BS31","수영복 > 남아"
"아레나 셀리 비키니 세트","A6SL1SM01","수영복 > 여 성인"
"아레나 셀리 원피스","A6SL1SO01","수영복 > 여 성인"
"아레나 셀리 원피스 세트","A6BG1GU01","수영복 > 여아"
"아레나 셔레이드교 판초 타월","A6SM1OG01","수영복 > 남 성인"
"아레나 손가방","A3AC1AB08","가방 > 가방"
"아레나 솔라랩 남성 4부 보드숏","A6BM1WP11","수영복 > 남 성인"
"아레나 솔라랩 여성 래쉬가드","A6BL1QR13","수영복 > 여 성인"
"아레나 솔라이트 여성 커버업 우븐자켓","A6ML1JK02GRY00L","수영복 > 여 성인"
"아레나 숄더백","A4AC1AB25","가방 > 가방"
"아레나 수경 AGW-450","A2AC1AG45","수경 > 성인"
"아레나 수경_AS4FGG41UZ(구 .A5AC2AG62)","A6AC2AG62BLK000","수경 > 성인"
"아레나 스포츠 폴로 티셔츠","S3MC1RP01","기타용품 > 기타용품"
"아레나 심판복","A5SC1NX02","기타용품 > 기타용품"
"아레나 아동수경","AGW-380J","수경 > 아동"
"아레나 아동아쿠아슈즈","A2AC1AJ62","아쿠아슈즈 > SIZE 열 사용"
"아레나 아동코팅수모 2022","A2AC1AQ51","수모 > 코팅수모"
"아레나 아리스 4부 팬츠","A6SM1WP01","수영복 > 남 성인"
"아레나 아리스 레귤러핏 집업 래쉬가드","A6SM1RR02","수영복 > 남 성인"
"아레나 아리스 릴렉스핏 숏슬리브 래쉬가드","A6SM1RR01","수영복 > 남 성인"
"아레나 아리아 레귤러핏 집업 래쉬가드 세트","A6BL1PS03","수영복 > 여 성인"
"아레나 아이스핏 남성 반팔 래쉬가드","A6BM1RR16","수영복 > 남 성인"
"아레나 암링베스트","A2AC1AJ35","부력복 > 부력복"
"아레나 암링자켓 (암링베스트)","ARAAJ25","부력복 > 부력복"
"아레나 여 래쉬가드/2pcs","A0BL1PS13","수영복 > 여 성인"
"아레나 여/래쉬가드","A0BL1PQ03","수영복 > 여 성인"
"아레나 여/래쉬가드/크롭","A0BL1PQ01","수영복 > 여 성인"
"아레나 여3pcs(비키니+망사집업)","AQSPS15","수영복 > 여 성인"
"아레나 여반바지","AOBAW02","수영복 > 여 성인"
"아레나 여비키니","APBSM32","수영복 > 여 성인"
"아레나 여성 2부 쇼츠","A6BL1QW24","수영복 > 여 성인"
"아레나 여성 365 2부 레깅스 팬츠","A5BL1QW41","수영복 > 여 성인"
"아레나 여성 365 3.5부 팬츠","A5BL1QW42","수영복 > 여 성인"
"아레나 여성 365 레귤러핏 여성 집업 래쉬가드","A5BL1QR42","수영복 > 여 성인"
"아레나 여성 4부 U","A4BL1LH02BLK090","수영복 > 여 성인"
"아레나 여성 그린웨이브 비키니 세트","A5BL1PS33COR085","수영복 > 여 성인"
"아레나 여성 글램 2부 팬츠","A5BL1PW14BLK085","수영복 > 여 성인"
"아레나 여성 글램 비키니 세트","A5BL1PS35","수영복 > 여 성인"
"아레나 여성 글램 커버업 세트","A5BL1PS14","수영복 > 여 성인"
"아레나 여성 글로아 원피스","A6SL1SO04","수영복 > 여 성인"
"아레나 여성 러쉬 2부 레깅스 팬츠","A5BL1PW06","수영복 > 여 성인"
"아레나 여성 루소 원피스 U백","A5SL1LO05","수영복 > 여 성인"
"아레나 여성 루시 원피스","A5BL1SO01","수영복 > 여 성인"
"아레나 여성 반신 3부 R","A4SL1PL13","수영복 > 여 성인"
"아레나 여성 반신 3부 U","A4SL1LH09WIN090","수영복 > 여 성인"
"아레나 여성 반신 4부 R","A4BL1CE04","수영복 > 여 성인"
"아레나 여성 반신 4부 U","A4FL1LH13BLK085","수영복 > 여 성인"
"아레나 여성 벨라 원피스","A5SL1SO02","수영복 > 여 성인"
"아레나 여성 블라썸 비키니 세트","A5BL1PS32DNV085","수영복 > 여 성인"
"아레나 여성 세트","A5BL1PS53","수영복 > 여 성인"
"아레나 여성 스위즐 2부 팬츠","A6BL1PW02","수영복 > 여 성인"
"아레나 여성 스위즐 슬림핏 롱슬리브 래쉬가드","A6BL1PQ01BLK085","수영복 > 여 성인"
"아레나 여성 스텔라 원피스","A5BL1SO03DNV085","수영복 > 여 성인"
"아레나 여성 스플릿 레귤러핏 집업 래쉬가드","A5BL1PQ13BLK085","수영복 > 여 성인"
"아레나 여성 써니 집업 래쉬가드","A5BL1PQ12","수영복 > 여 성인"
"아레나 여성 아레나 조이 비키니 세트","A5BL1SM01","수영복 > 여 성인"
"아레나 여성 아레나 클레어 원피스","A5SL1SO01","수영복 > 여 성인"
"아레나 여성 에센스 레귤러핏 래쉬가드 3PCS 세트","A5BL1PS06BLK090","수영복 > 여 성인"
"아레나 여성 엘로이 레저 집업 래쉬가드 세트","A5BL1PS51IVY095","수영복 > 여 성인"
"아레나 여성 엘린 원피스","A5SL1SO03","수영복 > 여 성인"
"아레나 여성 여일반","A5SL1LO04BLK95","수영복 > 여 성인"
"아레나 여성 원피스 D","A4FL1LO19","수영복 > 여 성인"
"아레나 여성 원피스 R","A4FL1LO02BLK100","수영복 > 여 성인"
"아레나 여성 원피스 T","A4FL1LO15","수영복 > 여 성인"
"아레나 여성 원피스 W.C","A4SL1LO09","수영복 > 여 성인"
"아레나 여성 코어 2부 레깅스 팬츠","A6BL1QW41","수영복 > 여 성인"
"아레나 여성 페탈 비키니 세트","A5BL1PS34COR085","수영복 > 여 성인"
"아레나 여성 피오니 레귤러핏 래쉬가드 세트","A5BL1PS10BLK085","수영복 > 여 성인"
"아레나 여성 헤이즐 원피스","A5SL1SO05","수영복 > 여 성인"
"아레나 여성_2PCS/집엎래쉬가드","A4BL1PS72","수영복 > 여 성인"
"아레나 여성_2PCS/짚업래쉬가드","A4BL1PS10","수영복 > 여 성인"
"아레나 여성_3PCS/짚업래쉬가드","A3BL1PS51","수영복 > 여 성인"
"아레나 여성_단품/래쉬가드","A4BL1QR45","수영복 > 여 성인"
"아레나 여성_단품/레깅스","AYAL1PA03","수영복 > 여 성인"
"아레나 여성_단품/하의","A4BL1PW07","수영복 > 여 성인"
"아레나 여성_반신/3부/U","A4SL1LH09BLK095","수영복 > 여 성인"
"아레나 여성_비키니/1PCS","A4SL1SO73","수영복 > 여 성인"
"아레나 여성_비키니/1PCS+커버업","A4SL1SO71","수영복 > 여 성인"
"아레나 여성_비키니/2PCS","A4SL1SM01","수영복 > 여 성인"
"아레나 여성_집업래쉬가드","A4BL1PQ71","수영복 > 여 성인"
"아레나 여성랩","A0SL1QW09","수영복 > 여 성인"
"아레나 여성브라탑","ASBQR30","수영복 > 여 성인"
"아레나 여세트","AQBPS85","수영복 > 여 성인"
"아레나 여세트2PCS","AVBPS22","수영복 > 여 성인"
"아레나 여아 3PCS 세트","AVBGS91","수영복 > 여아"
"아레나 여아 넘버링 9부 레깅스","A5BG1GD06","수영복 > 여아"
"아레나 여아 액셀 아동 3부 반신 슈트","A5SG1GI10","수영복 > 여아"
"아레나 여아 유스풀 래쉬가드 세트","A5BG1GS81","수영복 > 여아"
"아레나 여아 이지에즈 집업 래쉬가드 3PCS 세트","A5BG1GS82","수영복 > 여아"
"아레나 여아 제스티 프릇 래쉬가드","A5BG1GS31","수영복 > 여아"
"아레나 여아 프루티 4부 슈트","A5BG1GI31","수영복 > 여아"
"아레나 여아2PCS","AQSIG58","수영복 > 여아"
"아레나 여아3PCS","ARSGF61","수영복 > 여아"
"아레나 여아넘버링 9부 레깅스","A5BG1GD06","수영복 > 여아"
"아레나 여아동_2PCS/래쉬가드","A4BG1GS02","수영복 > 여아"
"아레나 여아동_3PCS/래쉬가드","A4BG1GS82","수영복 > 여아"
"아레나 여아동_단품/레깅스","A4BG1GD01","수영복 > 여아"
"아레나 여아동_단품/레깅스팬츠","A4BG1GE83","수영복 > 여아"
"아레나 여아동_단품/반바지","A4BG1GE81","수영복 > 여아"
"아레나 여아동_키트/원피스","A4BG1KG01","수영복 > 여아"
"아레나 여아동셋트","ATSGF62","수영복 > 여아"
"아레나 여아동키트","A0SG1KG01","수영복 > 여아"
"아레나 여아세트","ARSGS61","수영복 > 여아"
"아레나 여아후드집업가디건","APBBS81","기타용품 > 기타용품"
"아레나 여일반","A4FL1LO21","수영복 > 여 성인"
"아레나 여일반 반신","A4SL1LH18","수영복 > 여 성인"
"아레나 여일반총판전용","A4SL1LD16","수영복 > 여 성인"
"아레나 여하의","A0BL1PW08","수영복 > 여 성인"
"아레나 워터베스트 60KG","A2AC1AJ23","부력복 > 60KG"
"아레나 웨이비 레귤러핏 래쉬가드 세트","A6BL1PS02","수영복 > 여 성인"
"아레나 웨이비 레귤러핏 집업 래쉬가드 3PCS 세트","A6BL1PS01","수영복 > 여 성인"
"아레나 웨이비 레귤러핏 집업 래쉬가드 세트","A6BM1PC01","수영복 > 남 성인"
"아레나 유스 래쉬가드 세트","A6BG1GS82","수영복 > 여아"
"아레나 조이 비키니 세트","A5BL1SM01","수영복 > 여 성인"
"아레나 총판 프로모션 반팔 티셔츠","A5SC1NX01","기타용품 > 기타용품"
"아레나 카라티","SUMRP20OWTL","기타용품 > 기타용품"
"아레나 컴포트 여성 플리츠 2부팬츠","A6ML1HP03BLK00L","수영복 > 여 성인"
"아레나 코어 3.5부 팬츠","A6BL1QW43","수영복 > 여 성인"
"아레나 코어 4부 팬츠","A6BM1WP42","수영복 > 남 성인"
"아레나 코어 남성 레귤러핏 집업 래쉬가드","A6BM1RR41","수영복 > 남 성인"
"아레나 코어 레귤러핏 롱슬리브 래쉬가드","A6BM1RR43","수영복 > 남 성인"
"아레나 코어 릴렉스핏 숏슬리브 래쉬가드","A6BM1RR44","수영복 > 남 성인"
"아레나 코어 릴렉스핏 슬리브리스 래쉬가드","A6BM1RR45","수영복 > 남 성인"
"아레나 코어 아동 4부 팬츠","A6BB1BW41","수영복 > 남아"
"아레나 코어 아동 롱슬리브 래쉬가드","A6BB1BC41","수영복 > 남아"
"아레나 코어 여성 레귤러핏 집업 래쉬가드","A6BL1QR41","수영복 > 여 성인"
"아레나 코팅수모_스탬프","A3AC1AQ02","수모 > 코팅수모"
"아레나 클러치백","AVAAB18","가방 > 가방"
"아레나 클레어 원피스","A5SL1SO01","수영복 > 여 성인"
"아레나 키트 아동 미러수경","AYAC1AG97","수경 > 아동"
"아레나 키트아동수경","AYAC1AG98","수경 > 아동"
"아레나 프로모션 반팔티","S4SC1NX31","기타용품 > 기타용품"
"아레나 프로모션 티셔츠","S0SC1NX69","기타용품 > 기타용품"
"아레나 플로라 원피스","A6BL1PE01","수영복 > 여 성인"
"아레나15KG부력복","AVAAJ20","부력복 > 15KG"
"아레나2PS","ASBSM35","수영복 > 여 성인"
"아레나40KG부력복","AVAAJ22","부력복 > 40KG"
"아레나4PS","ATBSM91","기타용품 > 기타용품"
"아레나60KG부력복","AVAAJ23","부력복 > 60KG"
"아레나75KG부력복","AVAAJ24","부력복 > 75KG"
"아레나7PS","ATBSM92","기타용품 > 기타용품"
"아레나90KG부력복","AVAAJ25","부력복 > 90KG"
"아레나가디건","AQFTW07","기타용품 > 기타용품"
"아레나가방","AQAAB08","가방 > 가방"
"아레나귀마개","AVAAE01","기타용품 > 기타용품"
"아레나귀마개(신형)","AVAAE02","기타용품 > 기타용품"
"아레나남4부스판","A0BM1PY16","수영복 > 남 성인"
"아레나남반바지","ATBPP06","수영복 > 남 성인"
"아레나남성4부사각","ARBPM02","수영복 > 남 성인"
"아레나남성네오플렌상의","ATARR11","수영복 > 남 성인"
"아레나남성래쉬가드","ASBPR51","수영복 > 남 성인"
"아레나남성레깅스","AVBPP31","수영복 > 남 성인"
"아레나남성레쉬가드","ATBPR25","수영복 > 남 성인"
"아레나남성반바지","AVBPP05","수영복 > 남 성인"
"아레나남성비치반바지","ATBPP05","수영복 > 남 성인"
"아레나남성하의","AQBPW13","수영복 > 남 성인"
"아레나남아4부","A0BB1BE01","수영복 > 남아"
"아레나남아균일","APBBW67","수영복 > 남아"
"아레나남아동래쉬가드","ATBBC61","수영복 > 남아"
"아레나남아동레깅스","A0SB1BD06","수영복 > 남아"
"아레나남아동반바지","ATSBF61","수영복 > 남아"
"아레나남아동세트","AUBBS66","수영복 > 남아"
"아레나남아동셋트","ATSBS62","수영복 > 남아"
"아레나남아동수트","ATSBI61","수영복 > 남아"
"아레나남아동슈트","AVBBS72","수영복 > 남아"
"아레나남아동스판사각","A0SB1BE01","수영복 > 남아"
"아레나남아래쉬가드","AVBBC61","수영복 > 남아"
"아레나남아반바지","AVBBW61","수영복 > 남아"
"아레나남아비치","AVSBS63","수영복 > 남아"
"아레나남아세트","ASSBS62","수영복 > 남아"
"아레나남아셋트","A0BB1BS02","수영복 > 남아"
"아레나남아탑","ASSBA81","수영복 > 남아"
"아레나드라이백","ASAAB01","가방 > 가방"
"아레나드라이백10L","AVAAB13","가방 > 가방"
"아레나로고모자","A5AC1SH04","모자 > 야구모자"
"아레나미니투명손가방","APAAB01","가방 > 가방"
"아레나브라탑","AVBPQ01","수영복 > 여 성인"
"아레나비치타올","AUAAT11","기타용품 > 기타용품"
"아레나손가방","AVAAB16","가방 > 가방"
"아레나숄더가방","AVAAB17","가방 > 가방"
"아레나수경","AGL-520BLU","수경 > 성인"
"아레나수경 (AGT-550)","A2AC2AG55","수경 > 성인"
"아레나수경 (AGT-610E)","A2AC2AG61","수경 > 성인"
"아레나수경 AGL-540PA","AUAAG54","수경 > 성인"
"아레나수경 AGW-460M","A3AC1AG46","수경 > 성인"
"아레나수경 AGY-380","APAAG01","수경 > 성인"
"아레나스포츠 남스판사각","SRMHP17","수영복 > 남 성인"
"아레나스포츠 여 상의","SSMRG41","수영복 > 여 성인"
"아레나스포츠 여래쉬","SSSLT53","수영복 > 여 성인"
"아레나스포츠 여레깅스","SSMHP58","수영복 > 여 성인"
"아레나스포츠 여민소매","SSMSL41","기타용품 > 기타용품"
"아레나스포츠 여반팔","SSMRT54","기타용품 > 기타용품"
"아레나스포츠 여브라탑","SSMRG53","수영복 > 여 성인"
"아레나스포츠 여상의","SSSLT53","수영복 > 여 성인"
"아레나스포츠 여집업","SSMJK54","기타용품 > 기타용품"
"아레나스포츠 여집업래쉬가드","SSMRG54","수영복 > 여 성인"
"아레나스포츠 여집업조끼","SSMSJ51","기타용품 > 기타용품"
"아레나아동가디건","AOFTW51","기타용품 > 기타용품"
"아레나여2PS","ATBPS06","수영복 > 여 성인"
"아레나여가디건","ATBPN02","기타용품 > 기타용품"
"아레나여래쉬가드","ASBPQ04","수영복 > 여 성인"
"아레나여반바지","ATBPW02","수영복 > 여 성인"
"아레나여성2ps","ASBSM41","수영복 > 여 성인"
"아레나여성2PS","ASBPS01","수영복 > 여 성인"
"아레나여성균일","ALBPS81","기타용품 > 기타용품"
"아레나여성래쉬가드","ASBQR05","수영복 > 여 성인"
"아레나여성레깅스","A0BL1PA14","수영복 > 여 성인"
"아레나여성레쉬가드","A0BL1PQ08","수영복 > 여 성인"
"아레나여성민소매","AVSQR01","기타용품 > 기타용품"
"아레나여성반바지","A0BL1PW04","수영복 > 여 성인"
"아레나여성브라탑","A0BL1PN91","수영복 > 여 성인"
"아레나여성비치","AVBPS09","수영복 > 여 성인"
"아레나여성세트","AUBPS17","수영복 > 여 성인"
"아레나여성셋트","A0BL1PS11","수영복 > 여 성인"
"아레나여성집업","SSSSJ52","기타용품 > 기타용품"
"아레나여성크롭탑","ASBQR36","기타용품 > 기타용품"
"아레나여성팬티","ASSQL92","수영복 > 여 성인"
"아레나여스포츠 여반팔","SSART95","기타용품 > 기타용품"
"아레나여아균일","AQBGO61","수영복 > 여아"
"아레나여아동_2PCS/래쉬가드","AVBGS92","수영복 > 여아"
"아레나여아동래쉬가드","ATBGC63","수영복 > 여아"
"아레나여아동레쉬가드","ATSGC64","수영복 > 여아"
"아레나여아동비치","ARSGF61","수영복 > 여아"
"아레나여아동세트","ATBGS93","수영복 > 여아"
"아레나여아동셋트","AVSGS70","수영복 > 여아"
"아레나여아동치마반바지","ATSGD62","수영복 > 여아"
"아레나여아동하의","ASSGD82","수영복 > 여아"
"아레나여아래쉬가드","AVBGC62","수영복 > 여아"
"아레나여아레깅스","A0SG1GD07","수영복 > 여아"
"아레나여아반바지","A0SG1GE03","수영복 > 여아"
"아레나여아비치","AVBGS93","수영복 > 여아"
"아레나여아비치가운","AVSGC64","수영복 > 여아"
"아레나여아세트","ALBGK89","수영복 > 여아"
"아레나여아셋트","A0SG1GS04","수영복 > 여아"
"아레나여유아수트/챙수모","A0SG1GI62","수영복 > 여아"
"아레나중절모","SSMXC02","모자 > 비치모자"
"아레나총판 프로모션 반팔 티셔츠","A5SC1NX01","기타용품 > 기타용품"
"아레나캡모자","A0AC1SH61","모자 > 야구모자"
"아레나코팅수모","AVAAQ06","수모 > 코팅수모"
"아레나키즈","ATAAL51","수모 > 코팅수모"
"아레나투명가방","AQAAB03","가방 > 가방"
"아레나투명숄더가방","ASAAB05","가방 > 가방"
"아레나하트","ATAAL02","수모 > 코팅수모"
"아레나X크록스 클로그","AVAAJ64","기타용품 > 기타용품"
"아레나X크록스 플립","AVAAJ65","기타용품 > 기타용품"
"아이스그리드 4부","A5FM1PM17DGN100","수영복 > 남 성인"
"아이스핏 여성 라이트 집업 래쉬가드","A6BL1QR22","수영복 > 여 성인"
"아이포네 수경_AS5SGG72JZ(구.A4AC2AG71)","A5AC2AG71","수경 > 성인"
"아카데믹 4부 팬츠","A5BM1PP05","수영복 > 남 성인"
"아쿠아슈즈 그린","SicAQ_01002","아쿠아슈즈 > SIZE 열 사용"
"아쿠아슈즈 오렌지","SicAQ_01001","아쿠아슈즈 > SIZE 열 사용"
"아쿠아슈즈_라이트워커(총전)","A6AC1OS81","아쿠아슈즈 > SIZE 열 사용"
"아쿠아슈즈_씨워커(구.A4AC1OS65)","A5AC1OS65BKM230","아쿠아슈즈 > 230"
"아쿠아슈즈(아동용)","AUAAJ63","아쿠아슈즈 > SIZE 열 사용"
"아쿠아슈즈[성인용]","AUAAJ61","아쿠아슈즈 > SIZE 열 사용"
"아쿠아슈즈[아동용]","ATAAJ62","아쿠아슈즈 > SIZE 열 사용"
"아쿠웍 스킨삭스(L)","MAPSS01","스킨슈즈 > SIZE 열 사용"
"아쿠웍 스킨삭스(M)","MAPSS01","스킨슈즈 > 240"
"아쿠웍 스킨삭스(S)","MAPSS01","스킨슈즈 > 220"
"아쿠웍 스킨삭스(XL)","MAPSS01","스킨슈즈 > SIZE 열 사용"
"아쿠웍 스킨삭스(XS)","MAPSS01","스킨슈즈 > SIZE 열 사용"
"아쿠웍 스킨삭스(XXS)","MAPSS01","스킨슈즈 > 180"
"아트웍 티셔츠","S2MC1RT07","기타용품 > 기타용품"
"안티포그액(구.A1AC1AY01)","A2AC2AY01","기타용품 > 기타용품"
"암링베스트","A2AC1AJ35","부력복 > 부력복"
"암링튜브","MAPTB60","튜브 > 공용"
"애견구명조끼(대)","ASAAJ28","부력복 > 부력복"
"애견구명조끼(소)","ASAAJ27","부력복 > 부력복"
"애플 아동플랩캡BEG","MAPCP41","모자 > 플랩캡"
"애플 아동플랩캡GRY","MAPCP41","모자 > 플랩캡"
"애플 아동플랩캡PNK","MAPCP41","모자 > 플랩캡"
"액셀 아동 3부 반신 슈트","A5SG1GI10","수영복 > 여아"
"야구모자","MAPCP02","모자 > 야구모자"
"야구모자(19)","MAPCP02","모자 > 야구모자"
"야자수 로고 아동 플랩캡","MAPCP43","모자 > 플랩캡"
"양말","MAPSS04","기타용품 > 기타용품"
"에너지 5부 팬츠","A5BM1PP07","수영복 > 남 성인"
"에반 4부 팬츠","A5BM1WP01","수영복 > 남 성인"
"에센스 레귤러핏 래쉬가드 3PCS 세트","A5BL1PS06","수영복 > 여 성인"
"에센스 레귤러핏 집업 래쉬가드 세트","A5BM1PC05","수영복 > 남 성인"
"에스아이씨 아쿠아슈즈","SicAQ_01003_BLK_3XS","아쿠아슈즈 > 3XS"
"에어 4부 레깅스","A5BB1BE01","수영복 > 남아"
"에어워크 드라이백","AIRWALK01","가방 > 가방"
"에이든 4부 팬츠","A5SM1WP01","수영복 > 남 성인"
"에이든 집업 래쉬가드","A5SM1RR01","수영복 > 남 성인"
"에이프릴 여원피스랩","APSWBO-02","수영복 > 여 성인"
"엘ㄹ르모자sbl","E3HLOAA01","모자 > 야구모자"
"엘라강스 여브라탑","STOB201P","수영복 > 여 성인"
"엘레강스 남래쉬가드","PRHB102S","수영복 > 남 성인"
"엘레강스 남반바지","PTRA8104","수영복 > 남 성인"
"엘레강스 남반팔래쉬가드","PRHA1111","수영복 > 남 성인"
"엘레강스 남아반바지","PTRA8510","수영복 > 남아"
"엘레강스 남아세트(5부)","SRHA1603","수영복 > 남아"
"엘레강스 남아집업래쉬가드","PRHA1604","수영복 > 남아"
"엘레강스 남자 래쉬가드","DORH1228","수영복 > 남 성인"
"엘레강스 남집업","PCDA1101","기타용품 > 기타용품"
"엘레강스 래쉬가드 남","SRHB102R","수영복 > 남 성인"
"엘레강스 망사나시","PCDA1211","기타용품 > 기타용품"
"엘레강스 망사집업","PCDA1209","기타용품 > 기타용품"
"엘레강스 여 집업","PCDA1204","기타용품 > 기타용품"
"엘레강스 여가디건","DOTS2226","기타용품 > 기타용품"
"엘레강스 여래쉬가드","SPTA1208","수영복 > 여 성인"
"엘레강스 여랩원피스","EOPB205P","수영복 > 여 성인"
"엘레강스 여레깅스","SPTA1208","수영복 > 여 성인"
"엘레강스 여망사나시","DOSL2233","기타용품 > 기타용품"
"엘레강스 여망사집업","PCDA1207","기타용품 > 기타용품"
"엘레강스 여반바지","SPTB202R","수영복 > 여 성인"
"엘레강스 여성래쉬가드","SRHA1204","수영복 > 여 성인"
"엘레강스 여아반바지","PTRA8511","수영복 > 여아"
"엘레강스 여원피스랩","E0PB203P","수영복 > 여 성인"
"엘레강스 여주니어셋트","PRHB301S","수영복 > 여아"
"엘레강스 여하의","SPTA1201","수영복 > 여 성인"
"엘레강스남반바지","PTRA1105","수영복 > 남 성인"
"엘레강스남아동셋트","SRHA1604","수영복 > 남아"
"엘레강스남아동셋트(69)","PRHB606S","수영복 > 남아"
"엘레강스남아동셋트(69)ㅏ","PRHB603S","수영복 > 남아"
"엘레강스아동세트(79)","MAPB03","수영복 > 아동공용"
"엘레강스아동집업래쉬가드","PRHA1602","수영복 > 여아"
"엘레강스여가디건","PCDA1201","기타용품 > 기타용품"
"엘레강스여망사가디건","PCDA1206","기타용품 > 기타용품"
"엘레강스여성가디건","PCDA1208","기타용품 > 기타용품"
"엘레강스여성래쉬가드","PRHA1206","수영복 > 여 성인"
"엘레강스여성하의","SPTB203R","수영복 > 여 성인"
"엘레강스여아동셋트","PRHB601S","수영복 > 여아"
"엘레강스여집업","PCDA1203","기타용품 > 기타용품"
"엘르 남성 긴사각","E0NMITI01","수영복 > 남 성인"
"엘르 남성 래쉬가드 (레귤러핏)","E3HMOTG55","수영복 > 남 성인"
"엘르 남성 OUTDOOR 트렁크 (9부레깅스)[총판전용]","E3HMOTJ60","수영복 > 남 성인"
"엘르 남성래쉬가드","E3HMOTG57","수영복 > 남 성인"
"엘르 남성사각","EQPTI55","수영복 > 남 성인"
"엘르 남성실내하의","ESFMI36","수영복 > 남 성인"
"엘르 남성트렁크","E3HMOTJ59","수영복 > 남 성인"
"엘르 남실내하의","ERFMI37","수영복 > 남 성인"
"엘르 남아 2PCS 세트","E3HBOVL61","수영복 > 남아"
"엘르 남아레깅스","E3HBOVX64","수영복 > 남아"
"엘르 수경","E2PAAWG15","수경 > 성인"
"엘르 스윔베스트 25","E0BAAAN25","부력복 > 부력복"
"엘르 아동공용상의","ERPUQ07","수영복 > 아동공용"
"엘르 아동플랩캡","ETBAA02","모자 > 플랩캡"
"엘르 아쿠아슈즈","E3BAAAU05","아쿠아슈즈 > SIZE 열 사용"
"엘르 여반바지(원래SET)","ERPSL70","수영복 > 여 성인"
"엘르 여성 담보루 바지","E3HLOSW53","기타용품 > 기타용품"
"엘르 여성 래쉬가드 SET","E3HLOSL52","수영복 > 여 성인"
"엘르 여성 래쉬가드+바지 SET","E3HLOSL51","수영복 > 여 성인"
"엘르 여성비치","ESSLB10","수영복 > 여 성인"
"엘르 여성비치원피스","ERBLE14","수영복 > 여 성인"
"엘르 여성비치원피스랩","ERSLD08","수영복 > 여 성인"
"엘르 여성비키니","ERPSB14","수영복 > 여 성인"
"엘르 여성비키니드레스","ERPSV27","수영복 > 여 성인"
"엘르 여성비키니랩","ERSLC05","수영복 > 여 성인"
"엘르 여성비키니탑","ERPSF31","수영복 > 여 성인"
"엘르 여성비키니탑(랩)","EQPSR85","수영복 > 여 성인"
"엘르 여성아우터","ERPSQ22","기타용품 > 기타용품"
"엘르 여성오버스윔","ERFLS42","수영복 > 여 성인"
"엘르 여성탱키니","EQPSK42","수영복 > 여 성인"
"엘르 여실내용1PCS","ERSLO10","기타용품 > 기타용품"
"엘르 여아동 래쉬가드 SET","E3HGOUL62","수영복 > 여아"
"엘르 여아래쉬가드","E3HGOUG63","수영복 > 여아"
"엘르 여아레깅스","E3HGOUX65","수영복 > 여아"
"엘르 워터레깅스","E3HLOSX54","수영복 > 여 성인"
"엘르 BAR TOP","ESPXU04","기타용품 > 기타용품"
"엘르 SHORT SLEEVE","ESPXR06","기타용품 > 기타용품"
"엘르남반바지","ERPVJ12","수영복 > 남 성인"
"엘르남성5부스판","ESFIK35","수영복 > 남 성인"
"엘르남성래쉬가드","ERFMG63","수영복 > 남 성인"
"엘르남성레깅스","ETPTX50","수영복 > 남 성인"
"엘르남성레쉬가드","ETPTG31","수영복 > 남 성인"
"엘르남성반바지","E0SMOMJ05","수영복 > 남 성인"
"엘르남성집업래쉬가드","E0HMOTG01","수영복 > 남 성인"
"엘르남아동래쉬가드","ERPVG40","수영복 > 남아"
"엘르남아동반바지","ERPVJ11","수영복 > 남아"
"엘르남아동세트","ETPVU73","수영복 > 남아"
"엘르남아래쉬가드","ESPVG78","수영복 > 남아"
"엘르남아셋트","ETPVU75","수영복 > 남아"
"엘르남아하의","ERPVI34","수영복 > 남아"
"엘르모자 beg","E3HLOAA01","모자 > 야구모자"
"엘르모자 sbl","E3HLOAA01","모자 > 야구모자"
"엘르모자 SBL","E3HLOAA01","모자 > 야구모자"
"엘르모자화이트","E3HLOAA01","모자 > 야구모자"
"엘르모자sbl","E3HLOAA01","모자 > 야구모자"
"엘르모자wht","E3HLOAA01","모자 > 야구모자"
"엘르여성래쉬가드","ESALG03","수영복 > 여 성인"
"엘르여성레깅스(85)","ETPSX26","수영복 > 여 성인"
"엘르여성레깅스(90)","EVALX23","수영복 > 여 성인"
"엘르여성레깅스(95)","ETPSX26","수영복 > 여 성인"
"엘르여성반바지","ESSLW49","수영복 > 여 성인"
"엘르여성반바지레깅스","E0SLOSW31","수영복 > 여 성인"
"엘르여성비치","ESPSC08","수영복 > 여 성인"
"엘르여성비치셋트","EVSSL65","수영복 > 여 성인"
"엘르여성셋트","ETPSR28","수영복 > 여 성인"
"엘르여성팬츠","ESFLP28","수영복 > 여 성인"
"엘르여아동","ESPUK57","기타용품 > 기타용품"
"엘르여아동레깅스","ETPVX87","수영복 > 여아"
"엘르여아동반바지","ETPUW66","수영복 > 여아"
"엘르여아동비치","ESPUR56","수영복 > 여아"
"엘르여아동세트","ETPUL54","수영복 > 여아"
"엘르여아동셋트","ETPUR61","수영복 > 여아"
"엘르여아동슈트","ETPUU51","수영복 > 여아"
"엘르여아래쉬가드","ESPVG83","수영복 > 여아"
"엘르여아비치","ESPUK57","수영복 > 여아"
"엘르여아상의","ESPUG60","수영복 > 여아"
"엘르여아셋트","ETPUR58","수영복 > 여아"
"엘르여아원피스","ERPUB05","수영복 > 여아"
"엘르여아하의","ESPUW68","수영복 > 여아"
"엘르원피스(15)","ERSLH15","수영복 > 여 성인"
"엘르캡모자","E3HLOAA01","모자 > 야구모자"
"엘르캡모자 beg","E3HLOAA01","모자 > 야구모자"
"엘르캡모자 BEG","E3HLOAA01","모자 > 야구모자"
"엘르캡모자 BGA","E3HLOAA01","모자 > 야구모자"
"엘르캡모자 sbl","E3HLOAA01","모자 > 야구모자"
"엘르캡모자 SBL","E3HLOAA01","모자 > 야구모자"
"엘르캡모자 wht","E3HLOAA01","모자 > 야구모자"
"엘르캡모자 WHT","E3HLOAA01","모자 > 야구모자"
"엘르캡모자화이트","E3HLOAA01","모자 > 야구모자"
"엘르캡모자beg","E3HLOAA01","모자 > 야구모자"
"엘르캡모자BEG","E3HLOAA01","모자 > 야구모자"
"엘르캡모자sbl","E3HLOAA01","모자 > 야구모자"
"엘르캡모자SBL","E3HLOAA01","모자 > 야구모자"
"엘르캡모자sbs","E3HLOAA01","모자 > 야구모자"
"엘르캡모자wht","E3HLOAA01","모자 > 야구모자"
"엘르캡모자WHT","E3HLOAA01","모자 > 야구모자"
"엘르캡모자wth","E3HLOAA01","모자 > 야구모자"
"엘르티셔츠","EVPSG01","기타용품 > 기타용품"
"엘린 원피스","A5SL1SO03","수영복 > 여 성인"
"여 가디건","DNTC2213","기타용품 > 기타용품"
"여 래쉬가드/2pcs","A0BL1PS13","수영복 > 여 성인"
"여 망사나시","DOSL2230","기타용품 > 기타용품"
"여 보행기튜브","MAPTB32","튜브 > 여"
"여 자동차보행기 튜브","MAPTB46","튜브 > 여"
"여 집업","DNTC2211","수영복 > 여 성인"
"여 파라솔보행기 튜브","MAPTB54","튜브 > 여"
"여 파라솔보행기 튜브(디코)","DICO007","튜브 > 여"
"여 파라솔보행기(디코)","DICO007","튜브 > 여"
"여/래쉬가드","A0BL1PQ03","수영복 > 여 성인"
"여/래쉬가드/크롭","A0BL1PQ01","수영복 > 여 성인"
"여2pcs/래쉬가드","A0BL1PS14","수영복 > 여 성인"
"여반팔래쉬가드","DNRH1217","수영복 > 여 성인"
"여성 3PCS 레귤러핏 집업 래쉬가드 세트","A6FL1PS01","수영복 > 여 성인"
"여성 9부 LEGGINGS (미드라이즈)","F0FLSBI33","수영복 > 여 성인"
"여성 9부 LEGGINGS (하이라이즈)","F0FLSBI51","수영복 > 여 성인"
"여성 끈민소매(인컵)+레깅스+원피스 SET","E0SLOLR05","수영복 > 여 성인"
"여성 단품팬티","EVALOLM","수영복 > 여 성인"
"여성 래쉬가드","E0SLOSG25","수영복 > 여 성인"
"여성 래쉬가드(집업)","E0SLOLG09","수영복 > 여 성인"
"여성 래쉬가드(집업)+브라탑+팬츠 SET(구.EVSSR71)","E0RLOSR71","수영복 > 여 성인"
"여성 래쉬가드(집업/인컵)","E0SLOLG03","수영복 > 여 성인"
"여성 래쉬가드(집업/인컵)+랩반바지 SET","E0SLOSL40","수영복 > 여 성인"
"여성 래쉬가드+반바지(구.EVSLL26)","E0RLOLL26","수영복 > 여 성인"
"여성 랩","AVSQW51","수영복 > 여 성인"
"여성 랩반바지","E0SLOSW29","수영복 > 여 성인"
"여성 랩반바지(구.EVFLOSW02)","EVFLOSW02","수영복 > 여 성인"
"여성 레깅스 반바지(루즈핏)","E0SLOSW30","수영복 > 여 성인"
"여성 레깅스(9부)","E0ALOLX01","수영복 > 여 성인"
"여성 롱팬츠","E0SLOLW18","수영복 > 여 성인"
"여성 민소매(인컵)+랩반바지+집업후드 SET","E0SLOLR41","수영복 > 여 성인"
"여성 민소매롱 래쉬가드","E0SLOLQ35","수영복 > 여 성인"
"여성 배색 모노키니","CH2606","수영복 > 여 성인"
"여성 브라탑+래쉬가드(레이어드)+팬츠 SET(구.EVFLOSL01)","E0RLOSL01","수영복 > 여 성인"
"여성 비치원피스","E0SLOLE20","수영복 > 여 성인"
"여성 비키니","E0SLOLB04","수영복 > 여 성인"
"여성 비키니(구.EVSLOLB16)","E0RLOLB16","수영복 > 여 성인"
"여성 비키니+썬드레스SET","E0SLOLV39","수영복 > 여 성인"
"여성 셔링 2피스 모노키니","CH2604","수영복 > 여 성인"
"여성 셔링 모노키니","CH2602","수영복 > 여 성인"
"여성 실내반신(1부)(구.EVFLILH03)","E0RLILH03","수영복 > 여 성인"
"여성 실내반신(1부/U백/인컵)","E0SLILH54","수영복 > 여 성인"
"여성 실내반신(2부/U백)","E0SLILH61","수영복 > 여 성인"
"여성 실내반신(3부/슈퍼플라이백)","E0SLILH64","수영복 > 여 성인"
"여성 실내반신(4부/U백)","E0SLISH71","수영복 > 여 성인"
"여성 실내원피스(11자백)","E0SLILO54","수영복 > 여 성인"
"여성 실내원피스(구.EVFLILO01)","E0RLILO01","수영복 > 여 성인"
"여성 실내원피스(물방울백)","E0SLILO55","수영복 > 여 성인"
"여성 실내원피스(슈퍼플라이백)","E0SLILO56","수영복 > 여 성인"
"여성 실내원피스(U백)","E0SLISO59","수영복 > 여 성인"
"여성 실내원피스(X백)","E0SLILO57","수영복 > 여 성인"
"여성 아쿠아로빅민소매+반바지 SET","E0SLILU19","수영복 > 여 성인"
"여성 아쿠아로빅반신(1부/U백/인컵)","E0SLISU73","수영복 > 여 성인"
"여성 아쿠아로빅반신(2부/U백/인컵)","E0SLISU74","수영복 > 여 성인"
"여성 에슬레져 레깅스(9부)","E0SLOXD14","수영복 > 여 성인"
"여성 오버스윔(분리형점프슈트)","E0SLOLS33","수영복 > 여 성인"
"여성 오버스윔(썬드레스)","E0SLOLS32","수영복 > 여 성인"
"여성 오프숄더 모노키니","CH2605","수영복 > 여 성인"
"여성 이너탑","EVALOLT","수영복 > 여 성인"
"여성 이너팬티","F0FLSIB01","수영복 > 여 성인"
"여성 집업","DNTC2201","수영복 > 여 성인"
"여성 크롭 루즈핏 래쉬가드","E3SLOSG10","수영복 > 여 성인"
"여성 BRA TOP (미들탑)","F0FLSTB32","수영복 > 여 성인"
"여성 BRA TOP (숏탑)","F0FLSTB51","수영복 > 여 성인"
"여성 INDDOR 2부반신 (U백)","E2SLISH07","수영복 > 여 성인"
"여성 INDOOR 2부반신 (반팔 앞지퍼)","E2SLISH33","수영복 > 여 성인"
"여성 INDOOR 3부 반신 (구,EVALILH)","E2ALILH01","수영복 > 여 성인"
"여성 INDOOR 3부반신(X백)","E2SLISH03","수영복 > 여 성인"
"여성 INDOOR 반신 (2부)","EVSLH64","수영복 > 여 성인"
"여성 INDOOR 반신 (2부/구.EUPSO04)","EVSLISH04","수영복 > 여 성인"
"여성 INDOOR 반신 (3부)","EVSSH56","수영복 > 여 성인"
"여성 INDOOR 반신 (4부)","EVSSH27","수영복 > 여 성인"
"여성 INDOOR 반신 (플레인/3부)","EVALILH","수영복 > 여 성인"
"여성 INDOOR 반신(1부)","EVFLILH03","기타용품 > 기타용품"
"여성 INDOOR 반신(2부)","EVFLILH06","수영복 > 여 성인"
"여성 INDOOR 반신(3부)","EVFLILH05","수영복 > 여 성인"
"여성 INDOOR 아쿠아탑 (반팔/집업)","EVSLI64","수영복 > 여 성인"
"여성 INDOOR 아쿠아탑 (집업)","EVSLI31","수영복 > 여 성인"
"여성 INDOOR 아쿠아탑 (집업/구.EUSLI24)","EVSLILI","수영복 > 여 성인"
"여성 INDOOR 원피스","EVFLISO01","수영복 > 여 성인"
"여성 INDOOR 원피스 (구.EUPSO01)","EVSSO01","수영복 > 여 성인"
"여성 INDOOR 원피스 (반팔 앞지퍼)","E2SLISO02","수영복 > 여 성인"
"여성 INDOOR 원피스 (U백)","E2SLISO01","수영복 > 여 성인"
"여성 INDOOR 원피스 (X백)","E2SLISO04","수영복 > 여 성인"
"여성 INDOOR 원피스_기획","E2SLISO17","수영복 > 여 성인"
"여성 INDOOR 원피스(플레인) 구)EVALO20","EVALO20","수영복 > 여 성인"
"여성 INS 머스타드 모노키니","CH2603","수영복 > 여 성인"
"여성 LN 모노키니 원피스","CH2601","수영복 > 여 성인"
"여성 OUTDOOR 단품 브라탑","EVSLT90","수영복 > 여 성인"
"여성 OUTDOOR 단품 팬티","EVSLM97","수영복 > 여 성인"
"여성 OUTDOOR 단품 팬티 (하이웨스트)","EVSLM60","수영복 > 여 성인"
"여성 outdoor 래쉬","EVSSG03","수영복 > 여 성인"
"여성 OUTDOOR 래쉬가드","EVSLG04","수영복 > 여 성인"
"여성 OUTDOOR 래쉬가드 (집업)","EVSLG76","수영복 > 여 성인"
"여성 OUTDOOR 래쉬가드 (집업/구.EUSLG29)","EVSLG29","수영복 > 여 성인"
"여성 OUTDOOR 래쉬가드 SET","E3NLOLL95","수영복 > 여 성인"
"여성 outdoor 래쉬가드(집업)","EVSLG56","수영복 > 여 성인"
"여성 OUTDOOR 래쉬가드(집업)","EVFLOSG02","수영복 > 여 성인"
"여성 OUTDOOR 래쉬가드(집업) + 팬츠 SET","EVSSL67","수영복 > 여 성인"
"여성 outdoor 래쉬가드(짚업)","EVSSG03","수영복 > 여 성인"
"여성 OUTDOOR 래쉬가드(크롭) + 팬츠 SET","EVSSL41","수영복 > 여 성인"
"여성 OUTDOOR 래쉬가드+팬츠 SET (PLUS)","EVSLL31","수영복 > 여 성인"
"여성 OUTDOOR 랩[이너팬츠]","E3SLOSW11","수영복 > 여 성인"
"여성 OUTDOOR 랩바지","EVALOLW23","기타용품 > 기타용품"
"여성 OUTDOOR 랩반바지","EVALW22","수영복 > 여 성인"
"여성 OUTDOOR 랩반바지(구.EUCLW44)","EVSLW44","수영복 > 여 성인"
"여성 OUTDOOR 랩반바지(구.EUSLW30)","EVSLW30","수영복 > 여 성인"
"여성 OUTDOOR 랩스커트","EVSLW88","수영복 > 여 성인"
"여성 OUTDOOR 레깅스","EVALX22","수영복 > 여 성인"
"여성 OUTDOOR 레깅스 (7부)","EVFLOLX02","수영복 > 여 성인"
"여성 OUTDOOR 레깅스 (9부)","EVFLOLX01","수영복 > 여 성인"
"여성 OUTDOOR 롱팬츠","EVSLW51","수영복 > 여 성인"
"여성 OUTDOOR 바지레깅스","E3NLOLW91","수영복 > 여 성인"
"여성 OUTDOOR 반바지 (구.EUSLW70)","EUSLW70","수영복 > 여 성인"
"여성 OUTDOOR 비키니","EVSLOLB14","수영복 > 여 성인"
"여성 OUTDOOR 비키니 (구.EUSLB28)","EVSLOLB28","수영복 > 여 성인"
"여성 OUTDOOR 숏팬츠 (구.EUPSW75)","EVSSW75","수영복 > 여 성인"
"여성 OUTDOOR 아우터 (집업)","EVSSQ81","기타용품 > 기타용품"
"여성 OUTDOOR 아우터 (후드/집업)","EVSSQ82","기타용품 > 기타용품"
"여성 OUTDOOR 아우터(후드집업)","EVFLOLQ04","기타용품 > 기타용품"
"여성 OUTDOOR 오버스윔","EVSLS92","수영복 > 여 성인"
"여성 OUTDOOR 오버스윔 (가디건)","EVSLOLS85","수영복 > 여 성인"
"여성 OUTDOOR 오버스윔 (썬드레스)","EVSLS71","수영복 > 여 성인"
"여성 OUTDOOR 오버스윔(썬드레스)","EVFLOLS04","수영복 > 여 성인"
"여성 OUTDOOR 워터레깅스[랩바지]","E3SLOSX12","수영복 > 여 성인"
"여성 OUTDOOR 원피스","EVSLE96","수영복 > 여 성인"
"여성 OUTDOOR 원피스 (긴팔)","EVSLE55","수영복 > 여 성인"
"여성 OUTDOOR 원피스 SET","EVSLE52","수영복 > 여 성인"
"여성 OUTDOOR 원피스(구.EUSLE08)","EVSLE08","수영복 > 여 성인"
"여성 OUTDOOR 원피스(구.EVSLE57)","E0RLOLE57","수영복 > 여 성인"
"여성 OUTDOOR 원피스(구.EVSLOLE59)","E0RLOLE59","수영복 > 여 성인"
"여성 OUTDOOR 이너탑(구.EUSLT05)","EVALT05","수영복 > 여 성인"
"여성 OUTDOOR 이너팬티","EVALT06","수영복 > 여 성인"
"여성 OUTDOOR 짚업 래쉬가드(구.EUSLG69)","EVSLG69","수영복 > 여 성인"
"여성 OUTDOOR 파레오","EVSLW93","수영복 > 여 성인"
"여성 OUTDOOR 팬츠","EVSLOLW71","수영복 > 여 성인"
"여성 OUTOOR 래쉬가드+바지SET","E3SLOSL05","수영복 > 여 성인"
"여성 TANK TOP","F0FLSTT43","수영복 > 여 성인"
"여성 TOP (SHORT)","F0FLSTS44","수영복 > 여 성인"
"여성_2PCS/래쉬가드","A0BL1PS14","수영복 > 여 성인"
"여성_2PCS/집엎래쉬가드","A4BL1PS72","수영복 > 여 성인"
"여성_2PCS/짚업래쉬가드","A4BL1PS14","수영복 > 여 성인"
"여성_단품/래쉬가드","A4BL1QR44","수영복 > 여 성인"
"여성_단품/래쉬가드/브라탑","A4BL1QR41","수영복 > 여 성인"
"여성_단품/레깅스","A4BL1QL01","수영복 > 여 성인"
"여성_단품/반바지","AYAL1PW02","수영복 > 여 성인"
"여성_단품/브라탑","AYAL1PN01","수영복 > 여 성인"
"여성_단품/상의","AVBPQ03","수영복 > 여 성인"
"여성_단품/하의","A4BL1PW04","수영복 > 여 성인"
"여성_비키니/1PCS","A4BL1SO01","수영복 > 여 성인"
"여성_비키니/1PCS+커버업","A4SL1SO72","수영복 > 여 성인"
"여성_비키니/2PCS","AVBPS52","수영복 > 여 성인"
"여성_비키니/3PCS","AVBPS55","수영복 > 여 성인"
"여성단품/이너팬티","A0BL1PW91","수영복 > 여 성인"
"여성단품반바지","EUFLP25","수영복 > 여 성인"
"여성단품반바지(구.EUFLP25)","EUSLP25","수영복 > 여 성인"
"여성래쉬가드","E3SLOSG22","수영복 > 여 성인"
"여성래쉬가드(엘르)","E0SLOSG24","수영복 > 여 성인"
"여성래쉬가드(집업)","EUSLG08","수영복 > 여 성인"
"여성래쉬가드(집업/구.ETSLG12)","EUSLG12","수영복 > 여 성인"
"여성래쉬가드+레깅스 SET(엘르)","E0SLOSL10","수영복 > 여 성인"
"여성래쉬가드+반바지(크롭,볼륨업)","EUSLL23","수영복 > 여 성인"
"여성래쉬가드+브라탑+팬츠SET(집업)","EUCSR90","수영복 > 여 성인"
"여성래쉬가드+탑+팬츠 SET(엘르)","E2SLOSL75","수영복 > 여 성인"
"여성래쉬가드+팬츠 SET(엘르)","E0SLOSL40","수영복 > 여 성인"
"여성래쉬가드+팬티(크롭,볼륨업)","EUSLK62","수영복 > 여 성인"
"여성랩","E3SLOSW11","수영복 > 여 성인"
"여성랩반바지","EUSLW36","수영복 > 여 성인"
"여성랩반바지(총,백)","ETSLW50","수영복 > 여 성인"
"여성레깅스","FPTC202S","수영복 > 여 성인"
"여성레깅스(85)","ETSLX32","수영복 > 여 성인"
"여성반바지","FPTC203S","수영복 > 여 성인"
"여성반바지(구.ETFLP32)","EUFLP32","수영복 > 여 성인"
"여성반바지(구.ETFLW42)","EUSLW42","수영복 > 여 성인"
"여성브라탑","ETAST16","수영복 > 여 성인"
"여성브라탑(2겹)","EUSLT05","수영복 > 여 성인"
"여성비치","ETPSL11","수영복 > 여 성인"
"여성비치원피스","E3SLOSE04","수영복 > 여 성인"
"여성비키니","ASSSM17","수영복 > 여 성인"
"여성비키니 (브라)","EUCLT85","수영복 > 여 성인"
"여성비키니(브라)","EUSLT37","수영복 > 여 성인"
"여성비키니(브라탑)","EUFLB05","수영복 > 여 성인"
"여성비키니+래쉬가드(후드)","EUSLF73","수영복 > 여 성인"
"여성비키니+랩반바지","EUSLC42","수영복 > 여 성인"
"여성상의","ASSQR92","수영복 > 여 성인"
"여성세트","A5BL1PS52","수영복 > 여 성인"
"여성숏팬츠","EUSLW10","수영복 > 여 성인"
"여성숏팬츠(구.EUFLW44)","EUFLW44","수영복 > 여 성인"
"여성실내4부반신(반팔)","EUSLH16","수영복 > 여 성인"
"여성실내반신","E3SLILH26","수영복 > 여 성인"
"여성실내반신(2부)","EUCLH37","수영복 > 여 성인"
"여성실내아쿠아탑(구.ETFLI33)","EUFLI31","수영복 > 여 성인"
"여성실내아쿠아탑(구.EUFLI33)","EUSLI31","수영복 > 여 성인"
"여성실내아쿠아탑(집업)","EUSLI42","수영복 > 여 성인"
"여성실내원피스","EUCLO31","수영복 > 여 성인"
"여성실외반신","EUCLH23","수영복 > 여 성인"
"여성실외원피스","EUCLO20","수영복 > 여 성인"
"여성썬드레스","EUCLS95","기타용품 > 기타용품"
"여성아우터","E3SLOSQ21","기타용품 > 기타용품"
"여성아쿠아로빅하의 여성랩반바지","EUSLP45","수영복 > 여 성인"
"여성아쿠아로빅하의 여성반바지(구.EUFLP32)","EUFLP32","수영복 > 여 성인"
"여성아쿠아탑(구.EUFLI24)","EUSLI24","수영복 > 여 성인"
"여성오버스윔(셔츠썬드레스)","E0SLOLS04","수영복 > 여 성인"
"여성오버스윔(썬드레스)","E0SLOLS01","수영복 > 여 성인"
"여성용 구명조끼 (70KG 이하)","APAAJ23","부력복 > 70KG"
"여성탑","EUSLQ96","수영복 > 여 성인"
"여성탑(집업)","EUSLQ79","수영복 > 여 성인"
"여성탱키니(랩)","E3SLOLL01","수영복 > 여 성인"
"여성탱키니(랩) 래쉬가드 2PCS","E3RLOSL75","수영복 > 여 성인"
"여성탱키니+바지(PLUS)","EUSLK84","수영복 > 여 성인"
"여성하의","ASSQL94","수영복 > 여 성인"
"여아 나그랑세트","02AL227F","수영복 > 여아"
"여아 래쉬가드","AVSGC62","수영복 > 여아"
"여아 래쉬가드(반팔)","EUPUG51","수영복 > 여아"
"여아 래쉬가드(집업)+레깅스랩바지+수모 SET","E0SGOUL03","수영복 > 여아"
"여아 래쉬가드+레깅스랩반바지+수모 SET","E0SGOUL47","수영복 > 여아"
"여아 래쉬가드+레깅스치마(9부)+수모 SET","E0SGOUL13","수영복 > 여아"
"여아 레깅스","AVSGD64","수영복 > 여아"
"여아 바지레깅스(9부)","E0SGOUX45","수영복 > 여아"
"여아 비치원피스+랩반바지+수모 SET","E0SGOUD46","수영복 > 여아"
"여아 생존 키트","E3NGIUM80","부력복 > 부력복"
"여아 슈트+수모 SET","E0SGOUU48","수영복 > 여아"
"여아 실내반신(4부/차이나백)","E0SGIUH68","수영복 > 여아"
"여아 실내반신(4부/X백)","E0SGIUH81","수영복 > 여아"
"여아 실내원피스(슈퍼플라이백)","E0SGIUO17","수영복 > 여아"
"여아 실내원피스(U백)","E0SGIUO79","수영복 > 여아"
"여아 아이스크림 패턴 세트","02AL233","수영복 > 여아"
"여아3PS","ASSGF82","수영복 > 여아"
"여아동 반신 (2부 EVSUH75)","E2FGIUH75","수영복 > 여아"
"여아동 비치모자","AUAGH61","모자 > 비치모자"
"여아동 실내반신 (3부/U백)","E0NGIUH01","수영복 > 여아"
"여아동 INDOOR (E0SGIUO13)","E2FGIUO13","기타용품 > 기타용품"
"여아동 INDOOR 반신 (2부)","EVSUH75","수영복 > 여아"
"여아동 INDOOR 반신(4부)","EVFGIUH04","수영복 > 여아"
"여아동 INDOOR 원피스","EVFGIUO03","수영복 > 여아"
"여아동 INDOOR(E0SGIUO78)","E2FGIUO78","수영복 > 여아"
"여아동 OUTDOOR 래쉬가드 + 팬츠 SET","EVSUL56","수영복 > 여아"
"여아동 OUTDOOR 래쉬가드 SET[챙모자]","E3SGOUL72","수영복 > 여아"
"여아동 OUTDOOR 래쉬가드(집업) + 팬츠 SET","EVSUL46","수영복 > 여아"
"여아동 OUTDOOR 워터레깅스[반바지]","E3SGOUX79","수영복 > 여아"
"여아동 OUTDOOR 원피스","EVSUE53","수영복 > 여아"
"여아동 OUTDOOR 이너 탑","EVAQT22","기타용품 > 기타용품"
"여아동_2PCS/래쉬가드","AVBGS92","수영복 > 여아"
"여아동_2PCS/래쉬가드/KIT","AVSGS67","수영복 > 여아"
"여아동_3PCS/래쉬가드","A4BG1GS82","수영복 > 여아"
"여아동_단품/레깅스팬츠","A4BG1GE83","수영복 > 여아"
"여아동_단품/반바지","A4BG1GE81BLK075","수영복 > 여아"
"여아동_키트/원피스","A4BG1KG01","수영복 > 여아"
"여아동래쉬가드+바지+수모","EUSQL52","수영복 > 여아"
"여아동래쉬가드+바지SET","EUSQR64","수영복 > 여아"
"여아동래쉬가드+반바지SET(집업)","EUCQR86","수영복 > 여아"
"여아동랩반바지","EUSQW68","수영복 > 여아"
"여아동바지레깅스","EUSQW69","수영복 > 여아"
"여아동탑+바지+집업SET","EUSQR65","기타용품 > 기타용품"
"여아동후드집업","EUSQQ66","기타용품 > 기타용품"
"여아래쉬가드","E3SGOUG74","수영복 > 여아"
"여아레쉬가드","AVSGC63","수영복 > 여아"
"여아반전신","E0AGIUM01","수영복 > 여아"
"여아비치원피스랩","E3SGOUD71","수영복 > 여아"
"여아상의","ASSGC62","수영복 > 여아"
"여아셋트","ASSGS65","수영복 > 여아"
"여아실내반신(구.ETSNE03)","EUFNE04","수영복 > 여아"
"여아실내반신(구.EUFNE04)","EUCNE04","수영복 > 여아"
"여아실내원피스(STRAP BACK)","EUFNO02","수영복 > 여아"
"여아탱키니(랩)","E3SGOUL76","수영복 > 여아"
"여아하의","ASSGD63","수영복 > 여아"
"여유아래쉬가드+비키니+수모","EUSQR55","수영복 > 여아"
"여일반슈트","A5SL1LI02","수영복 > 여 성인"
"여판매용수영복(15)그린","MAPLO01","수영복 > 여 성인"
"여판매용수영복(15)노랑","MAPLO01","수영복 > 여 성인"
"여판매용수영복(15)블루","MAPLO01","수영복 > 여 성인"
"여판매용수영복(15)주황","MAPLO01","수영복 > 여 성인"
"여판매용수영복(15)화이트","MAPLO01","수영복 > 여 성인"
"여판매용수영복(15)회색","MAPLO01","수영복 > 여 성인"
"영우 스킨슈즈","owoo_sas","스킨슈즈 > SIZE 열 사용"
"영우 스킨슈즈 [145]","6OWOOSS","스킨슈즈 > 145"
"영우 스킨슈즈 [155]","6OWOOSS","스킨슈즈 > 155"
"영우 스킨슈즈 [165]","6OWOOSS","스킨슈즈 > 165"
"영우 스킨슈즈 [175]","6OWOOSS","스킨슈즈 > 175"
"영우 스킨슈즈 [185]","6OWOOSS","스킨슈즈 > 185"
"영우 스킨슈즈 [195]","6OWOOSS","스킨슈즈 > 195"
"영우 스킨슈즈 [205]","6OWOOSS","스킨슈즈 > 205"
"영우 스킨슈즈 [215]","6OWOOSS","스킨슈즈 > 215"
"영우 스킨슈즈 [225]","6OWOOSS","스킨슈즈 > 225"
"영우 스킨슈즈 [235]","6OWOOSS","스킨슈즈 > 235"
"영우 스킨슈즈 [245]","6OWOOSS","스킨슈즈 > SIZE 열 사용"
"영우 스킨슈즈 [255]","6OWOOSS","스킨슈즈 > SIZE 열 사용"
"영우 스킨슈즈 [265]","6OWOOSS","스킨슈즈 > 265"
"영우 스킨슈즈 [275]","6OWOOSS","스킨슈즈 > 275"
"영우 스킨슈즈 [285]","6OWOOSS","스킨슈즈 > 285"
"영차 [노빅딜 박스테이프] 쥬라기 파크","NBDBT001","기타용품 > 기타용품"
"영차 [노빅딜 아날로그 카메라] 쥬라기파크","NBDCM003","기타용품 > 기타용품"
"영차 [노빅딜] 포스터 027_쥬라기공원 오리지널","NBDPT014","기타용품 > 기타용품"
"영차 [쥬라기 공원] 마우스패드","UVSIT038","기타용품 > 기타용품"
"영차 [쥬라기 공원] 멀티페어링 무선마우스","UVSIT039","기타용품 > 기타용품"
"영차 [쥬라기 월드] 스프링 노트 2종 - 파랑","UVSIT061","기타용품 > 기타용품"
"영차 [쥬라기공원] 마우스 패드_티라노사우루스 렉스[BULL]","JPCMP002","기타용품 > 기타용품"
"영차 [쥬라기공원] 플레이 매트_랩터 스트라이크","JPCPM003","기타용품 > 기타용품"
"영차 [쥬라기공원] TCG 부스터팩 Vol.01 변방의 포식자 (RRP/24EA)","JPCBS001","기타용품 > 기타용품"
"영차 [쥬라기공원] TCG 확장팩 Vol.01 랩터 스트라이크 (RRP/12EA)","JPCEX001","기타용품 > 기타용품"
"영차 [쥬라기월드] 그래픽 스티커_블루","UVSIT009","기타용품 > 기타용품"
"영차 [쥬라기월드] 마스킹 테이프 3종 - -save the dinos","UVSIT001","기타용품 > 기타용품"
"영차 [쥬라기월드] 뱃지 5종 - 뱃지_전시","UVSIT005","기타용품 > 기타용품"
"영차 [쥬라기월드] 뱃지 5종 - 뱃지_쥬라기월드 로고","UVSIT214","기타용품 > 기타용품"
"영차 [쥬라기월드] 소프트 노트 2종 - 그린","UVSIT061","기타용품 > 기타용품"
"영차 [쥬라기월드] 소프트 노트 2종 - 옐로우","UVSIT062","기타용품 > 기타용품"
"영차 [쥬라기월드] 스티커 6종 - 그래픽 스티커_레드(레드)","UVSIT008","기타용품 > 기타용품"
"영차 [쥬라기월드] 스티커 6종 - 그래픽 스티커_블루(블루)","UVSIT009","기타용품 > 기타용품"
"영차 [쥬라기월드] 스티커 6종 - 트리케라톱스(트리케라톱스)","UVSIT011","기타용품 > 기타용품"
"영차 [쥬라기월드] 스프링 노트 2종 - 화이트","UVSIT063","기타용품 > 기타용품"
"영차 [쥬라기월드] 아이스크림 몰드","UVSMD001","기타용품 > 기타용품"
"영차 [쥬라기월드] 옆서 - INDORAPTOR","UVSIT214","기타용품 > 기타용품"
"영차 [쥬라기월드] 와펜 6종 - 브라키오사우루스(브라키오사우루스)","UVSIT014","기타용품 > 기타용품"
"영차 [쥬라기월드] 와펜 6종 - 트리케라톱스(트리케라톱스)","UVSIT015","기타용품 > 기타용품"
"영차 [쥬라기월드] 쥬라기월드 로고 (성인) - M","UVSIT160","기타용품 > 기타용품"
"영차 [쥬라기월드] 쥬라기월드 로고 (성인) - XL","UVSIT160","기타용품 > 기타용품"
"영차 [쥬라기월드] 쥬라기파크 로고 (성인) - L","UVSIT161","기타용품 > 기타용품"
"영차 [쥬라기월드] 쥬라기파크 로고 (성인) - M","UVSIT214","기타용품 > 기타용품"
"영차 [쥬라기월드] 키즈파자마_다이노소어_110","GVGPJK04","기타용품 > 기타용품"
"영차 [쥬라기월드] 키즈파자마_다이노소어_120","GVGPJK04","기타용품 > 기타용품"
"영차 [쥬라기월드] 키즈파자마_다이노소어_130","GVGPJK04","기타용품 > 기타용품"
"영차 [쥬라기월드] 키즈파자마_다이노소어_140","GVGPJK04","기타용품 > 기타용품"
"영차 [쥬라기월드] 키즈파자마_다이노소어_150","GVGPJK04","기타용품 > 기타용품"
"영차 [쥬라기월드] 키즈파자마_브라키오프렌즈_110","GVGPJK05","기타용품 > 기타용품"
"영차 [쥬라기월드] 키즈파자마_브라키오프렌즈_120","GVGPJK05","기타용품 > 기타용품"
"영차 [쥬라기월드] 키즈파자마_브라키오프렌즈_130","GVGPJK05","기타용품 > 기타용품"
"영차 [쥬라기월드] 키즈파자마_브라키오프렌즈_140","GVGPJK05","기타용품 > 기타용품"
"영차 [쥬라기월드] 키즈파자마_브라키오프렌즈_150","GVGPJK05","기타용품 > 기타용품"
"영차 [쥬라기월드] 키즈파자마_블루_110","GVGPJK04","기타용품 > 기타용품"
"영차 [쥬라기월드] 키즈파자마_블루_130","GVGPJK04","기타용품 > 기타용품"
"영차 [쥬라기월드] 키즈파자마_블루_150","GVGPJK04","기타용품 > 기타용품"
"영차 [쥬라기월드] 키즈파자마_시노케라톱스_110","GVGPJK05","기타용품 > 기타용품"
"영차 [쥬라기월드] 키즈파자마_시노케라톱스_120","GVGPJK05","기타용품 > 기타용품"
"영차 [쥬라기월드] 키즈파자마_시노케라톱스_130","GVGPJK05","기타용품 > 기타용품"
"영차 [쥬라기월드] 키즈파자마_시노케라톱스_140","GVGPJK05","기타용품 > 기타용품"
"영차 [쥬라기월드] 티셔츠 excape the esland(성인) - L","UVSIT068","기타용품 > 기타용품"
"영차 [쥬라기월드] 티셔츠 excape the esland(성인) - M","UVSIT069","기타용품 > 기타용품"
"영차 [쥬라기월드] 티셔츠 excape the esland(성인) - XL","UVSIT070","기타용품 > 기타용품"
"영차 [쥬라기월드] 포토카드 21종 - 1. Jurassic World","UVSIT072","기타용품 > 기타용품"
"영차 [쥬라기월드] 포토카드 21종 - 10. 화산블루","UVSIT073","기타용품 > 기타용품"
"영차 [쥬라기월드] 포토카드 21종 - 11. 트리케라톱스","UVSIT074","기타용품 > 기타용품"
"영차 [쥬라기월드] 포토카드 21종 - 12. Genetic showdown","UVSIT071","기타용품 > 기타용품"
"영차 [쥬라기월드] 포토카드 21종 - 14. 영화 장면 엽서_랩터삼총사","UVSIT076","기타용품 > 기타용품"
"영차 [쥬라기월드] 포토카드 21종 - 15. 영화 장면 엽서_모사사우루스","UVSIT077","기타용품 > 기타용품"
"영차 [쥬라기월드] 포토카드 21종 - 16. 영화 장면 엽서_입다문 티렉스","UVSIT078","기타용품 > 기타용품"
"영차 [쥬라기월드] 포토카드 21종 - 17. 영화 장면 엽서_블루","UVSIT079","기타용품 > 기타용품"
"영차 [쥬라기월드] 포토카드 21종 - 18. 영화 장면 엽서_게이트","UVSIT080","기타용품 > 기타용품"
"영차 [쥬라기월드] 포토카드 21종 - 19. 영화 장면 엽서_수풀눈","UVSIT081","기타용품 > 기타용품"
"영차 [쥬라기월드] 포토카드 21종 - 2. 브라키오와 박사","UVSIT082","기타용품 > 기타용품"
"영차 [쥬라기월드] 포토카드 21종 - 4. 오픈게이트","UVSIT086","기타용품 > 기타용품"
"영차 [쥬라기월드] 포토카드 21종 - 5. 화산티렉스","UVSIT087","기타용품 > 기타용품"
"영차 [쥬라기월드] 포토카드 21종 - 6. 게이트브라키오","UVSIT088","기타용품 > 기타용품"
"영차 [쥬라기월드] 포토카드 21종 - 7. Jurassic throwdown","UVSIT089","기타용품 > 기타용품"
"영차 [쥬라기월드] 피크닉 매트","UVSIT025","기타용품 > 기타용품"
"영차 [쥬라기월드] 하드커버 노트 2종 - 블랙","UVSIT064","기타용품 > 기타용품"
"영차 [쥬라기월드] 하드커버 노트 2종 - 화이트","UVSIT065","기타용품 > 기타용품"
"영차 [쥬라기월드] KIDS_베이비블루 - 13호","UVSIT091","기타용품 > 기타용품"
"영차 [쥬라기월드] KIDS_베이비블루 - 17호","UVSIT092","기타용품 > 기타용품"
"영차 [쥬라기월드] KIDS_쥬라기월드 로고 - 13호","UVSIT094","기타용품 > 기타용품"
"영차 [쥬라기월드] KIDS_쥬라기파크 로고 - 13호","UVSIT097","기타용품 > 기타용품"
"영차 [쥬라기월드] KIDS_쥬라기파크 로고 - 9호","UVSIT099","기타용품 > 기타용품"
"영차 [쥬라기월드] KIDS_REPTILE - 13호","UVSIT103","기타용품 > 기타용품"
"영차 [쥬라기파크] 덱케이스_004","JPCDC001-04F-UJP","기타용품 > 기타용품"
"영차 [쥬라기파크] 덱케이스_선셋","JPCDC001-03F-UJP","기타용품 > 기타용품"
"영차 [쥬라기파크] 덱케이스_커션 블랙","JPCDC001-02F-UJP","기타용품 > 기타용품"
"영차 [쥬라기파크] 덱케이스_커션 블루","JPCDC001-01F-UJP","기타용품 > 기타용품"
"영차 [쥬라기파크] 카드 슬리브_30주년","JPCSV001-03F-UJP","기타용품 > 기타용품"
"영차 [쥬라기파크] 카드 슬리브_커션 블루","JPCSV001-02F-UJP","기타용품 > 기타용품"
"영차 [쥬라기파크] 파자마_정글","GVGPJ004","기타용품 > 기타용품"
"영차 [쥬라기파크] 플레이 매트_스크린","JPCPM001","기타용품 > 기타용품"
"영차 [쥬라기파크] TCG 스타터덱01 공룡의시대","JPCST001","기타용품 > 기타용품"
"영차 [GVG] 오버핏_쥬라기공원 (블랙/XL)","GVGTS030","기타용품 > 기타용품"
"영차 [GVG] 오버핏_쥬라기공원 (화이트/XL)","GVGTS030","기타용품 > 기타용품"
"영차 A. [쥬라기월드] 사운드 다이노 번들-HLN15","UVSIT055","기타용품 > 기타용품"
"영차 B. [쥬라기월드] 엘리새틀러 레스큐 팩-HLN16","UVSIT055","기타용품 > 기타용품"
"영차 GVG 굿럭박스 _ 쥬라기 월드","UVSGB001","기타용품 > 기타용품"
"오각아레나","AQAAL02","수모 > 코팅수모"
"오각아레나(구.AQAAL02)","AUAAL02","수모 > 코팅수모"
"오닐 구명조끼(13KG~22KG)_CHILD USCG VEST","H/ON3795/BDD/ONE","부력복 > 13KG~22KG"
"오닐 구명조끼(23KG~40KG)_YOUTH USCG VEST","H/ON3794/BDB/ONE","부력복 > 23KG~40KG"
"오닐 구명조끼(34KG~57KG)_TEEN REACTOR II USCG VEST","H/ON3291/DBF/ONE","부력복 > 34KG~57KG"
"오닐 웨이크 워터슈즈(220)","I/ONWS1955","아쿠아슈즈 > 220"
"오닐 웨이크 워터슈즈(230)","I/ONWS1955","아쿠아슈즈 > 230"
"오닐 웨이크 워터슈즈(240)","I/ONWS1955","아쿠아슈즈 > 240"
"오닐 웨이크 워터슈즈(250)","I/ONWS1955","아쿠아슈즈 > 250"
"오닐 웨이크 워터슈즈(260)","I/ONWS1955","아쿠아슈즈 > 260"
"오닐 웨이크 워터슈즈(270)","I/ONWS1955","아쿠아슈즈 > 270"
"오닐 웨이크 워터슈즈(280)","I/ONWS1955","아쿠아슈즈 > 280"
"오닐 이지 리프 워터슈즈(220)","I/ONWS1954","아쿠아슈즈 > 220"
"오닐 이지 리프 워터슈즈(230)","I/ONWS1954","아쿠아슈즈 > 230"
"오닐 이지 리프 워터슈즈(240)","I/ONWS1954","아쿠아슈즈 > 240"
"오닐 이지 리프 워터슈즈(250)","I/ONWS1954","아쿠아슈즈 > 250"
"오닐 이지 리프 워터슈즈(260)","I/ONWS1954","아쿠아슈즈 > 260"
"오닐 이지 리프 워터슈즈(270)","I/ONWS1954","아쿠아슈즈 > 270"
"오닐 이지 리프 워터슈즈(280)","I/ONWS1954","아쿠아슈즈 > 280"
"오리발_숏핀(구.A0AC1AF03)","A1AC1AF03","기타용품 > 기타용품"
"오리발_수입오리발(구.A0AC1AF01)","A1AC1AF01","기타용품 > 기타용품"
"오리발_FAR-2922E","A2FC2AF01","기타용품 > 기타용품"
"옥토넛 베이비목튜브","MAPTB41","튜브 > 공용"
"온라인전용 단품팬티(여성)","ETPSW98","수영복 > 여 성인"
"온라인전용 수경","EVPWG01","수경 > 성인"
"올리 래쉬가드 세트","A5BB1BS33","수영복 > 남아"
"우먼 레이어드 래쉬가드 SET","E3RLOSL75","수영복 > 여 성인"
"우먼 셔링 2PCS 비치웨어_기획","E2SLOSK57","수영복 > 여 성인"
"우먼 셔링 원피스 비치웨어_정상","E2SLOLE53","수영복 > 여 성인"
"우먼 스커트 원피스 비치웨어_기획","E2SLOSE70","수영복 > 여 성인"
"우먼 원피스 비치웨어_정상","E2SLOLE52","수영복 > 여 성인"
"우먼 원피스+바지SET 비치웨어_기획","E2SLOSD71","수영복 > 여 성인"
"우먼 유니버스 래쉬가드+바지 2PCS 세트_기획","E2SLOSL73","수영복 > 여 성인"
"우먼 크롭 비치웨어_기획","E2SLOSK58","수영복 > 여 성인"
"우먼 INDOOR 빅플라워 원피스","E2SLILO14","수영복 > 여 성인"
"우먼 INDOOR 유니버스 원피스","E2SLILO09","수영복 > 여 성인"
"우먼 INDOOR 트로피컬 원피스","E2SLILO15","수영복 > 여 성인"
"우먼 INDOOR 플라워 원피스","E2SLILO13","수영복 > 여 성인"
"우오보 레저 AS5SGG92UZ(구.A4AC2AG2)","A5AC2AG22","수경 > 성인"
"워터레깅스","RGC_2004","수영복 > 여 성인"
"워터레깅스 [L]","RGC_2024","수영복 > 여 성인"
"워터레깅스 [M]","RGC_2024","수영복 > 여 성인"
"워터레깅스 [XL]","RGC_2024","수영복 > 여 성인"
"워터멜론 래쉬가드","A5BB1BS31","수영복 > 남아"
"워터베스트 60KG","A2AC1AJ23","부력복 > 60KG"
"워터보틀_AEASJX40","A2SC2AJ11","기타용품 > 기타용품"
"원더패드","EUBAK20","기타용품 > 기타용품"
"원통 가방","E3BAAAB01","가방 > 가방"
"원통가방 블랙","E3BAAAB01","가방 > 가방"
"원통가방 핑크","E3BAAAB01","가방 > 가방"
"원통가방 하늘색","E3BAAAB01","가방 > 가방"
"원피스랩","MOPC219P","수영복 > 여 성인"
"웰백남성가디건","SW-HDM02","기타용품 > 기타용품"
"웰백남성래쉬가드","SW-RSM01","수영복 > 남 성인"
"웰백남성반바지","WB-PTM03","수영복 > 남 성인"
"웰백남성후드래쉬가드","SW-HDM01","수영복 > 남 성인"
"웰백여성반바지","WB-SKW01","수영복 > 여 성인"
"웰백여성후드래쉬가드","SW-HDW01","수영복 > 여 성인"
"유스풀 래쉬가드 세트","A5BG1GS81","수영복 > 여아"
"유아 OUTDOOR 래쉬가드(집업)+바지+모자 SET","EVSUL44","수영복 > 아동공용"
"유아 outdoor 슈트+모자 set","EVSUL45","수영복 > 아동공용"
"유아용 구명조끼 (2~6세/15~25KG)","APAAJ22","부력복 > 15-25KG"
"유아판초","AVAAJ73","기타용품 > 기타용품"
"이너브라","AUAAA01","기타용품 > 기타용품"
"이너팬티","ARAAA01","수영복 > 여 성인"
"이지에즈 집업 래쉬가드 3PCS 세트","A5BG1GS82","수영복 > 여아"
"이지투톤(EASY-FIT)","AUAAL11","기타용품 > 기타용품"
"인스턴트 타투","TOY010ZZZ000","기타용품 > 기타용품"
"인스턴트 타투(2장)","TOY010","기타용품 > 기타용품"
"일반수경","ETBAG73","수경 > 성인"
"일반수경(주니어)","ETBAG83","수경 > 아동"
"임시코드(누락분)","Temp_Code","기타용품 > 기타용품"
"자카파 남성인스판5부(해와달)","ZAKAPA01","수영복 > 남 성인"
"자카파 ZAKAPA 남아스판5부","ZAKAPA","수영복 > 남아"
"잠재권축사 HALF PANTS","S2MM1HP01","기타용품 > 기타용품"
"전략남성래쉬가드(구.ETPTG37/집업)","EUPTG37","수영복 > 남 성인"
"전략남성트렁크(구.ETPTJ47)","EUPTJ47","수영복 > 남 성인"
"전략수경(구.EUPWG05)","EVBWG05","수경 > 성인"
"전략아동후드집업(남아동)","ETPVG81","기타용품 > 기타용품"
"전략여성랩(구.ETPSW75)","EUPSW75","수영복 > 여 성인"
"제스티 프릇 래쉬가드","A5BG1GS31","수영복 > 여아"
"제이크 4부 팬츠","A5BB1BW03","수영복 > 남아"
"젤로미 젤리/초콜렛","FOOD001","기타용품 > 기타용품"
"젤리","MAPTP01","기타용품 > 기타용품"
"젤리(증정)","MAPTP02","기타용품 > 기타용품"
"주니어볼캡(모자)","MAPCP13","모자 > 야구모자"
"주문형 부력보조복 25KG","WIN001","부력복 > 25KG"
"주문형 부력보조복 50KG","WIN001","부력복 > 50KG"
"주문형 부력보조복 70KG","WIN001","부력복 > 70KG"
"주문형 부력보조복 90KG","WIN001","부력복 > 90KG"
"쥬시 프룻 래쉬가드","A5BG1GC01PNK065","수영복 > 여아"
"지사비치모자","AUASH02","모자 > 비치모자"
"지퍼 사은가방","MAPAZ02","가방 > 가방"
"짱구 7컬러 무드등 랜덤박스","TOY68","기타용품 > 기타용품"
"짱구 겨울낚시 2단모드 가습기","TOY76","기타용품 > 기타용품"
"짱구 공룡 미니 랜덤 피규어","TOY56","기타용품 > 기타용품"
"짱구 놀이터 아크릴 스탠드 랜덤 박스","TOY77","기타용품 > 기타용품"
"짱구 동물1 초미니 랜덤 피규어","TOY62","기타용품 > 기타용품"
"짱구 동물2 초미니 랜덤 피규어","TOY63","기타용품 > 기타용품"
"짱구 동물3 초미니 랜덤 피규어","TOY84ZZZ000","기타용품 > 기타용품"
"짱구 랜덤 반지 (캡슐형)","TOY78","기타용품 > 기타용품"
"짱구 미니 랜덤캡슐1 키링","TOY47","기타용품 > 기타용품"
"짱구 미니 랜덤캡슐2 키링","TOY51","기타용품 > 기타용품"
"짱구 베이비 미니 랜덤 피규어","TOY55","기타용품 > 기타용품"
"짱구 스프링 머그컵 (용량-350ml)","TOY80","기타용품 > 기타용품"
"짱구 앉아있는 관절인형 랜덤 키링","TOY48","기타용품 > 기타용품"
"짱구 유리 텀블러","TOY75ZZZ000","기타용품 > 기타용품"
"짱구 캐릭터모음 미니 랜덤캡슐 피규어","TOY52","기타용품 > 기타용품"
"짱구 팬더 아크릴 랜덤 피규어","TOY53","기타용품 > 기타용품"
"짱구 핸드폰거치대&저금통 기본","TOY73","기타용품 > 기타용품"
"짱구 핸드폰거치대&저금통 스쿨룩","TOY74","기타용품 > 기타용품"
"짱구 핸드폰거치대&저금통 정장","TOY81ZZZ000","기타용품 > 기타용품"
"짱구집 입체 마그넷 랜덤 박스","TOY57","기타용품 > 기타용품"
"천수모[김해롯데]","LOTTECAPZZZ000","수모 > 스판수모"
"체크","AQAAL05","수모 > 코팅수모"
"체크 아동플랩캡","MAPCP40","모자 > 플랩캡"
"총판 프로모션 반팔 티셔츠","A5SC1NX01","기타용품 > 기타용품"
"칫솔치약세트[김해롯데 자판기]","MAPAA106","일회용품 > 일회용품"
"카라티","S0SC1NX66","기타용품 > 기타용품"
"카렌클라우드 원피스랩","KC8307","수영복 > 여 성인"
"캐릭터 주니어 스노클","MAPWG20","스노클 > 주니어"
"캠프 4부 팬츠","A5BM1PP08","수영복 > 남 성인"
"캠프 레귤러핏 집업 래쉬가드","A5BM1PR08","수영복 > 남 성인"
"캣로고 아동 플랩캡","MAPCP42","모자 > 플랩캡"
"컴포트 남성 4부","A6BM1WP16","수영복 > 남 성인"
"컴포트 남성 투인원","A6BM1WP18","수영복 > 남 성인"
"컴포트 여성 원피스","A6BL1SO17","수영복 > 여 성인"
"코랄 3부 반신 수퍼플라이백","A5BL1LH11","수영복 > 여 성인"
"코마개_AXE-003","A2AC2AN01","수경 > 성인"
"코스탈 래쉬가드 세트","A5BB1BS83","수영복 > 남아"
"코코스 릴렉스핏 집업 래쉬가드 세트","A5BM1PC10","수영복 > 남 성인"
"코코스 슬리브리스 래쉬가드","A5BM1PR10","수영복 > 남 성인"
"코팅수모","E2BAAAQ34","수모 > 코팅수모"
"코팅수모_굿데이(이지핏)(구.A4AC1AQ02)","A5AC1AQ02","수모 > 코팅수모"
"코팅수모_드로잉(이지핏)","A2AC1AQ07","수모 > 코팅수모"
"코팅수모_라벨","A2AC1AQ04","수모 > 코팅수모"
"코팅수모_라인아트","A2AC1AQ06","수모 > 코팅수모"
"코팅수모_모노그램","A0AC1AQ05","수모 > 코팅수모"
"코팅수모_모던도트","AVAAQ11","수모 > 코팅수모"
"코팅수모_무지개(구.A1AC1AQ53)","","수모 > 코팅수모"
"코팅수모_무지개(구.AVAAQ53)","A0AC1AQ53","수모 > 코팅수모"
"코팅수모_빅라인","AVAAQ02","수모 > 코팅수모"
"코팅수모_빅라인(구.A1AC1AQ02)","A2AC1AQ02","수모 > 코팅수모"
"코팅수모_빅라인(구.AUAAQ08)","AVAAQ02","수모 > 코팅수모"
"코팅수모_빅라인(구.AVAAQ02)","A0AC1AQ02","수모 > 코팅수모"
"코팅수모_샤이닝(구.A1AC1AQ01)","A2AC1AQ01","수모 > 코팅수모"
"코팅수모_아이엠워터","A0AC1AQ51","수모 > 코팅수모"
"코팅수모_월계관","A0AC1AQ04","수모 > 코팅수모"
"코팅수모_투톤라인(구.AVAAQ03)","A0AC1AQ03","수모 > 코팅수모"
"코팅수모_포에버영","A5AC1AQ03","수모 > 코팅수모"
"코팅수모_퓨쳐","A2AC1AQ05","수모 > 코팅수모"
"코팅수모_픽셀","AVAAQ09","수모 > 코팅수모"
"코팅수모_픽셀(구.A1AC1AQ09)","A2AC1AQ09","수모 > 코팅수모"
"코팅수모(구.ESBAQ45)","EUBAQ45","수모 > 코팅수모"
"코팅수모(구.ETBAQ34)","EUBAQ34","수모 > 코팅수모"
"코팅수모(NEW)","ESBAQ51","수모 > 코팅수모"
"쿠로미 미드나잇 스토리즈 랜덤 피규어","TOY59","기타용품 > 기타용품"
"쿠로미 스타문 랜덤 피규어","TOY54","기타용품 > 기타용품"
"쿠로미 우주 랜덤 피규어","TOY83","기타용품 > 기타용품"
"쿠션보행기 남 보노보노","MAPTB31","튜브 > 남"
"쿠션보행기 보노보노","MAPTB31","튜브 > 공용"
"쿨면티 긴팔 L","MAPPR02","기타용품 > 기타용품"
"쿨면티 긴팔 M","MAPPR02","기타용품 > 기타용품"
"쿨면티 긴팔 XL","MAPPR02","기타용품 > 기타용품"
"쿨면티 반팔 2XL(200)","MAPPR01","기타용품 > 기타용품"
"쿨면티 반팔 3XL(210)","MAPPR01","기타용품 > 기타용품"
"쿨면티 반팔 4XL","MAPPR01","기타용품 > 기타용품"
"쿨면티 반팔 L(180)","MAPPR01","기타용품 > 기타용품"
"쿨면티 반팔 M(170)","MAPPR01","기타용품 > 기타용품"
"쿨면티 반팔 XL(190)","MAPPR01","기타용품 > 기타용품"
"쿨토시(흰색)","MAPPR10","기타용품 > 기타용품"
"퀵실버 남래쉬가드","Q511RS005","수영복 > 남 성인"
"퀵실버 남아래쉬가드","K521BR013","수영복 > 남아"
"퀵실버 남자 긴팔 래쉬가드","QD31RS080","수영복 > 남 성인"
"퀵실버 남자 나시 래쉬가드","QD21RE216","수영복 > 남 성인"
"퀵실버 남자 반바지","QD21BS230","수영복 > 남 성인"
"퀵실버 남자 반팔 래쉬가드","QD31RE072","수영복 > 남 성인"
"퀵실버 남자 조거팬츠","QD21RT220","수영복 > 남 성인"
"퀵실버 성인수경","QF33GO039","수경 > 성인"
"퀵실버 타올 Freshness Towel","QE23TW040","수영복 > 남 성인"
"크레용(구.ASAAQ02)","AUAAQ05","수모 > 코팅수모"
"크록스 크록밴드 클로그(230)","CROCSAD01","기타용품 > 기타용품"
"크록스 크록밴드 클로그(240)","CROCSAD01","기타용품 > 기타용품"
"크록스 크록밴드 클로그(250)","CROCSAD01","기타용품 > 기타용품"
"크록스 크록밴드 클로그(260)","CROCSAD01","기타용품 > 기타용품"
"크록스 크록밴드 클로그(265)","CROCSAD01","기타용품 > 기타용품"
"크록스 크록밴드 클로그(270)","CROCSAD01","기타용품 > 기타용품"
"크록스 크록밴드 클로그(280)","CROCSAD01","기타용품 > 기타용품"
"크록스 크록밴드 클로그(290)","CROCSAD01","기타용품 > 기타용품"
"크록스 크록밴드 키즈 클로그(175)","CROCSJR01","기타용품 > 기타용품"
"크록스 크록밴드 키즈 클로그(180)","CROCSJR01","기타용품 > 기타용품"
"크록스 크록밴드 키즈 클로그(200)","CROCSJR01BLU200","기타용품 > 기타용품"
"크록스 크록밴드 키즈 클로그(210)","CROCSJR01","기타용품 > 기타용품"
"크록스 크록밴드 키즈 클로그(220)","CROCSJR01","기타용품 > 기타용품"
"크록스 크록밴드 키즈 클로그(230)","CROCSJR01","기타용품 > 기타용품"
"크록스 크록밴드 키즈 클로그(240)","CROCSJR01","기타용품 > 기타용품"
"크록스 크록밴드 키즈 클로그(250)","CROCSJR01","기타용품 > 기타용품"
"클럽디 남성 상의","CLDSY01","수영복 > 남 성인"
"클럽디 남성 하의","CLDHY02","수영복 > 남 성인"
"클럽디 방수팩","CLDBS08","방수팩 > 방수팩"
"클럽디 비치타올","CLDTY09","기타용품 > 기타용품"
"클럽디 아동 반팔 티셔츠","CLDAT05","기타용품 > 기타용품"
"클럽디 어린이 비치모자","CLDAM11","모자 > 비치모자"
"클럽디 에코백","CLDEC10GRN000","가방 > 가방"
"클럽디 여성 상의","CLDSY03","수영복 > 여 성인"
"클럽디 여성 하의","CLDHY04","수영복 > 여 성인"
"클럽디 캡모자","CLDMJ07","모자 > 야구모자"
"클럽디 코팅수모","CLDSM06","수모 > 코팅수모"
"클럽디 피규어 입욕제","CLDPY12BLU000","화장품 > 화장품"
"키즈 서프 집업","02AL222BLK150","수영복 > 남아"
"키즈 플러피 플랩햇","A6AC1BH07","모자 > 플랩캡"
"킥보드_땅콩(구.A1AC1AK03)","A2AC1AK03","기타용품 > 기타용품"
"킥보드_헬퍼(구.AVAAK02)","A2AC1AK02","기타용품 > 기타용품"
"타로 원피스 드롭백","A5BL1LO13","수영복 > 여 성인"
"타올","E3BAAAT09","기타용품 > 기타용품"
"타올_FAR-1919","A2SC2AT03","기타용품 > 기타용품"
"타올_FAR-1920","A2SC2AT04","기타용품 > 기타용품"
"타이니씽 여성 2부","A6SL1PL31BLK00L","수영복 > 여 성인"
"타포린 손가방 (소)","MAPAB09","가방 > 가방"
"타포린 손가방 (중)","MAPAB10","가방 > 가방"
"탐폰[김해롯데 자판기]","MAPAA104","일회용품 > 일회용품"
"택배","00007","기타용품 > 기타용품"
"택배비","","기타용품 > 기타용품"
"탱탱볼","MAPTB44","기타용품 > 기타용품"
"턴 여 원피스","DIFTL03","수영복 > 여 성인"
"턴 여원피스","DISLO06","수영복 > 여 성인"
"턴 주니어 스노클","DFAAJ01","스노클 > 주니어"
"턴여아세트","DIBGS02","수영복 > 여아"
"토끼 스윔베스트 25kg(PNK)","HSWIM301","부력복 > 25KG"
"토이스토리 30주년 랜덤 피규어","TOY70","기타용품 > 기타용품"
"투명가방","AQAAB03","가방 > 가방"
"튜브_성인","A0AC1AJ32","튜브 > 공용"
"튜브_아동","A0AC1AJ31","튜브 > 공용"
"파인 4부 슈트","A5BB1BI31","수영복 > 남아"
"판매용수영복(15)블루","MAPLO01","수영복 > 여 성인"
"판매용수영복(15)주황","MAPLO01","수영복 > 여 성인"
"팔토시","MAPPR10","기타용품 > 기타용품"
"팜팔스 13치 인형 레드버섯 (대)","PALM001","기타용품 > 기타용품"
"팜팔스 13치 인형 아기 토끼 (대)","PALM001","기타용품 > 기타용품"
"팜팔스 13치 인형 아보카도 (대)","PALM001ZZZ116","기타용품 > 기타용품"
"팜팔스 13치 인형 우파루파 그레이(대)","PALM001","기타용품 > 기타용품"
"팜팔스 13치 인형 우파루파 핑크(대)","PALM001","기타용품 > 기타용품"
"팜팔스 8인치 인형 아보카도 (중)","PALM001ZZZ103","기타용품 > 기타용품"
"팜팔스 8인치 인형 우파루파 그레이(중)","PALM001ZZZ108","기타용품 > 기타용품"
"팜팔스 8인치 인형 우파루파 핑크(중)","PALM001","기타용품 > 기타용품"
"팜팔스 고슴도치","PALM001","기타용품 > 기타용품"
"팜팔스 낮잠쿠션_아보카도","PALM001","기타용품 > 기타용품"
"팜팔스 낮잠쿠션_토마토","PALM001ZZZ125","기타용품 > 기타용품"
"팜팔스 네스호 괴물","PALM001","기타용품 > 기타용품"
"팜팔스 돌고래","PALM001","기타용품 > 기타용품"
"팜팔스 맥세이프 스피너 스마트톡_아보카도","PALM001ZZZ132","기타용품 > 기타용품"
"팜팔스 맥세이프 스피너 스마트톡_클로버","PALM001ZZZ134","기타용품 > 기타용품"
"팜팔스 맥세이프 스피너 스마트톡_토마토","PALM001ZZZ133","기타용품 > 기타용품"
"팜팔스 맥세이프 카드지갑_아보카도","PALM001ZZZ150","기타용품 > 기타용품"
"팜팔스 맥세이프 카드지갑_클로버","PALM001ZZZ151","기타용품 > 기타용품"
"팜팔스 맥세이프 카드지갑_토마토","PALM001ZZZ152","기타용품 > 기타용품"
"팜팔스 바나나(대)","PALM001","기타용품 > 기타용품"
"팜팔스 블롭피쉬","PALM001","기타용품 > 기타용품"
"팜팔스 인형 김밥","PALM001","기타용품 > 기타용품"
"팜팔스 인형 래브라도리트리버","PALM001","기타용품 > 기타용품"
"팜팔스 인형 레드버섯","PALM001","기타용품 > 기타용품"
"팜팔스 인형 레인보우","PALM001","기타용품 > 기타용품"
"팜팔스 인형 밀크티(버블티)","PALM001ZZZ023","기타용품 > 기타용품"
"팜팔스 인형 바나나","PALM001","기타용품 > 기타용품"
"팜팔스 인형 생일케이크","PALM001","기타용품 > 기타용품"
"팜팔스 인형 수박","PALM001","기타용품 > 기타용품"
"팜팔스 인형 아기 원숭이","PALM001","기타용품 > 기타용품"
"팜팔스 인형 아기돼지","PALM001","기타용품 > 기타용품"
"팜팔스 인형 아기병아리","PALM001","기타용품 > 기타용품"
"팜팔스 인형 아기오리","PALM001","기타용품 > 기타용품"
"팜팔스 인형 아기토끼","PALM001","기타용품 > 기타용품"
"팜팔스 인형 아보카도","PALM001","기타용품 > 기타용품"
"팜팔스 인형 야구공","PALM001ZZZ050","기타용품 > 기타용품"
"팜팔스 인형 우파루파 그레이","PALM001","기타용품 > 기타용품"
"팜팔스 인형 우파루파핑크","PALM001","기타용품 > 기타용품"
"팜팔스 인형 축구공","PALM001","기타용품 > 기타용품"
"팜팔스 인형 클로버버니","PALM001","기타용품 > 기타용품"
"팜팔스 인형 토마토","PALM001ZZZ018","기타용품 > 기타용품"
"팜팔스 키링 레드버섯","PALM001ZZZ096","기타용품 > 기타용품"
"팜팔스 키링 밀크티","PALM001","기타용품 > 기타용품"
"팜팔스 키링 바나나","PALM001","기타용품 > 기타용품"
"팜팔스 키링 병아리","PALM001","기타용품 > 기타용품"
"팜팔스 키링 수박","PALM001","기타용품 > 기타용품"
"팜팔스 키링 아보카도","PALM001","기타용품 > 기타용품"
"팜팔스 키링 우파루파 그레이","PALM001","기타용품 > 기타용품"
"팜팔스 키링 우파루파핑크","PALM001","기타용품 > 기타용품"
"팜팔스 플러시 크로스백_체리","PALM001ZZZ123","가방 > 가방"
"팜팔스 플러시 크로스백_초콜릿 버니","PALM001ZZZ121","가방 > 가방"
"팜팔스 플러시 파우치_복숭아","PALM001ZZZ120","가방 > 가방"
"팜팔스 플러시 파우치_아보카도","PALM001ZZZ117","가방 > 가방"
"팜팔스 플러시 파우치_토마토","PALM001ZZZ118","가방 > 가방"
"팜팔스키링 돌고래","PALM001","기타용품 > 기타용품"
"팜팔스키링 토마토","PALM001ZZZ149","기타용품 > 기타용품"
"패드_누드브라(HARD-TYPE구.A1AC1AP05)","A2AC1AP05","기타용품 > 기타용품"
"패드_누드브라(SOFT-TYPE 구.A1AC1AP04)","A2AC1AP04","기타용품 > 기타용품"
"패드_누드브라(SOFT-TYPE 구.AUAAP04)","AVAAP04","기타용품 > 기타용품"
"패드_누드브라(SOFT-TYPE 구.AVAAP04)","A0AC1AP04","기타용품 > 기타용품"
"패드_더블매직패드(구.A0AC1AP03)","A1AC1AP03","기타용품 > 기타용품"
"패드_매직패드(구.A0AC1AP02)","A1AC1AP02","기타용품 > 기타용품"
"패드_볼륨누드브라(구.A0AC1AP06)","A1AC1AP06","기타용품 > 기타용품"
"패드_볼륨누드브라(구.A1AC1AP06)","A2AC1AP06","기타용품 > 기타용품"
"패드_볼륨누드브라(구.AUAAP06)","AVAAP06","기타용품 > 기타용품"
"패드_볼륨누드브라(구.AVAAP06)","A0AC1AP06","기타용품 > 기타용품"
"팽이 귀마개","ANAAE03","기타용품 > 기타용품"
"팽이귀마개(구.A0AC1AE03)","A1AC1AE03","기타용품 > 기타용품"
"팽이귀마개(구.A1AC1AE03)","A2AC1AE03MNT000","기타용품 > 기타용품"
"페기민 남녀공용 트렁크","FTRJ001RB","수영복 > 남 성인"
"페기민 남반팔 래쉬가드","FRHF103S","수영복 > 남 성인"
"페기민 남성 래쉬가드","FRHE109S","수영복 > 남 성인"
"페기민 남성래쉬가드","FRHF105S","수영복 > 남 성인"
"페기민 남아동셋트","FRHC605S","수영복 > 남아"
"페기민 드라이백 10L","MAPAB08","가방 > 가방"
"페기민 비치원피스랩","FOPE205P","수영복 > 여 성인"
"페기민 스킨삭스(100-120)","FSSC701R","스킨슈즈 > SIZE 열 사용"
"페기민 스킨삭스(120-140)","FSSC701R","스킨슈즈 > SIZE 열 사용"
"페기민 스킨삭스(150-165)","FSSC701R","스킨슈즈 > 150"
"페기민 스킨삭스(170-185)","FSSC701R","스킨슈즈 > 170"
"페기민 스킨삭스(190-200)","FSSC701R","스킨슈즈 > 190-200"
"페기민 스킨삭스(205-215)","FSSC701R","스킨슈즈 > SIZE 열 사용"
"페기민 스킨삭스(220-235)","FSSC701R","스킨슈즈 > 220"
"페기민 스킨삭스(240)","FSSC701R","스킨슈즈 > 240"
"페기민 스킨삭스(250)","FSSC701R","스킨슈즈 > 250"
"페기민 스킨삭스(260)","FSSC701R","스킨슈즈 > 260"
"페기민 스킨삭스(270)","FSSC701R","스킨슈즈 > 270"
"페기민 스킨삭스(280)","FSSC701R","스킨슈즈 > 280"
"페기민 아동 레깅스","FRHC608S","수영복 > 아동공용"
"페기민 아동레깅스","FPTD605R","수영복 > 아동공용"
"페기민 아동셋트","FRHC607S","수영복 > 아동공용"
"페기민 여성 래쉬가드","FRHC206S","수영복 > 여 성인"
"페기민 여성 셋트","FRHC205S","수영복 > 여 성인"
"페기민 여성 숏팬츠","FMPA2104","수영복 > 여 성인"
"페기민 여성셋트","FRHW201B","수영복 > 여 성인"
"페기민 여아동셋트","FRHC603S","수영복 > 여아"
"페기민가디건","FCDE201S","기타용품 > 기타용품"
"페기민남반바지","FTRD1038","수영복 > 남 성인"
"페기민남반바지(18년)","FTRD1018","수영복 > 남 성인"
"페기민남반팔성래쉬가드","FRHF103S","수영복 > 남 성인"
"페기민남성래쉬가드","FRHE101S","수영복 > 남 성인"
"페기민남성래쉬가드(드래곤볼)","FRHD106S","수영복 > 남 성인"
"페기민남성래쉬가드남성래쉬가드","FRHE104S","수영복 > 남 성인"
"페기민남성반바지","FTRE1068","수영복 > 남 성인"
"페기민브라탑","FTOD201S","수영복 > 여 성인"
"페기민아동래쉬가드세트","FRHD601S","수영복 > 아동공용"
"페기민아동레깅스","FRHD605R","수영복 > 아동공용"
"페기민아동셋트","FRHF601S","수영복 > 아동공용"
"페기민여성래쉬가드","FRHE203S","수영복 > 여 성인"
"페기민여성래쉬가드(74)","FMRA2114","수영복 > 여 성인"
"페기민여성레깅스","FPTB207R","수영복 > 여 성인"
"페기민여성반바지","FPTE204S","수영복 > 여 성인"
"페기민여성반바지레깅스","FPTE201S","수영복 > 여 성인"
"페기민여성브라탑","FTOE201S","수영복 > 여 성인"
"페기민여성셋트","FRHD205S","수영복 > 여 성인"
"페기민여성짚업래쉬가드","FRHF204S","수영복 > 여 성인"
"페기민여성하의","FPTD204S","수영복 > 여 성인"
"페르조 남가디건","DOTC1227","기타용품 > 기타용품"
"페르조 남아래쉬가드","FRHA1403","수영복 > 남아"
"페르조 남아후드집업","DOTC4235","기타용품 > 기타용품"
"페르조 남아후드집업래쉬","DORH4236","수영복 > 남아"
"페르조 남자집업","DOTC1229","수영복 > 남 성인"
"페르조 드라이백 15L","MAPAB07","가방 > 가방"
"페르조 망사티셔츠","DOTS2227","기타용품 > 기타용품"
"페르조 성인수경","F550","수경 > 성인"
"페르조 여가디건","DOTC2225","기타용품 > 기타용품"
"페르조 여망사가디건","DOSL2232","기타용품 > 기타용품"
"페르조 여아래쉬가드","FRHA1302","수영복 > 여아"
"페르조 여아후드짚업","DOTC4236","기타용품 > 기타용품"
"페르조남아래쉬가드","FRHA1401","수영복 > 남아"
"페르조여아래쉬가드","FRHA1301","수영복 > 여아"
"페르조여원피스랩","FEOD201R","수영복 > 여 성인"
"펭귄 아동플랩캡","MAPCP38","모자 > 플랩캡"
"폐기민 남성 래쉬가드","FRHC101S","수영복 > 남 성인"
"포차코 캐릭터튜브(70cm)","MAPTB63","튜브 > 공용"
"포켓 티셔츠","S2MC1RT06","기타용품 > 기타용품"
"폼클렌징","MAPAA009","화장품 > 화장품"
"폼클렌징[김해롯데 자판기]","MAPAA103","화장품 > 화장품"
"풀페이스마스크","AUAAJ54","스노클 > 시니어"
"프루티 4부 슈트","A5BG1GI31","수영복 > 여아"
"플라메스 썬크림","PLAMES001","화장품 > 화장품"
"플라메스 썬크림(톤업)","PLAMES002","화장품 > 화장품"
"플랜토피아 4부","A5BM1MF09BLK095","수영복 > 남 성인"
"플로리아 여성 집업 래쉬가드 세트","A6BL1SR22","수영복 > 여 성인"
"플로우임팩트 4부","A6SM1MF01NVY105","수영복 > 남 성인"
"핀써포트 (구.A0AC1AJ01)","A1AC1AJ01","기타용품 > 기타용품"
"핀써포트 (구.A1AC1AJ01)","A2AC1AJ01","기타용품 > 기타용품"
"필라 남래쉬가드","F2CSS808","수영복 > 남 성인"
"필라 남아래쉬가드","F2CFT904","수영복 > 남아"
"필라 남아반바지","F2CST804M","수영복 > 남아"
"필라 남아후드가디건","F2CSS813F","기타용품 > 기타용품"
"필라 여아1PCS","F2CFT904F","기타용품 > 기타용품"
"필라 여아3PCS","F2SBU354G","수영복 > 여아"
"핑크퐁 보행기튜브","MAPTB50","튜브 > 공용"
"핑크퐁 비누방울","LLAAZ23","기타용품 > 기타용품"
"핑크퐁 아기상어 버블건","LLAAZ23","기타용품 > 기타용품"
"헤이즐 원피스","A5SL1SO05","수영복 > 여 성인"
"헥사 3부 반신 U백","A5BL1LD31","수영복 > 여 성인"
"헥사 4부","A5BM1MD11BLK095","수영복 > 남 성인"
"헥사 원피스 U백","A5BL1LD01NVY100","수영복 > 여 성인"
"호반 리솜 스마트 방수팩(화이트)","RESOM01","방수팩 > 방수팩"
"호빵패드","EUBAK18","기타용품 > 기타용품"
"휘트니스 랩스커트","EUPXC10","수영복 > 여 성인"
"휘트니스 브라탑","ETPXU02","수영복 > 여 성인"
"휘트니스 숏팬츠(구.ETPXC17)","EUPXC17","수영복 > 여 성인"
"휘트니스 슬리브리스","EUPXR04","기타용품 > 기타용품"
"휠라 남반바지","FSCSR404M","수영복 > 남 성인"
"휠라 스윔베스트25KG","MAPAJ02","부력복 > 25KG"
"휠라 타포린가방","F3CSS101X","가방 > 가방"
"A. [쥬라기월드] 사운드 다이노 번들-HLN15","UVSIT055","기타용품 > 기타용품"
"A2AC1AJ62BLU180","A2AC1AJ62","기타용품 > 기타용품"
"A8181_16","A8181_GRY_16","가방 > 가방"
"A8181_20","A8181_GRY_20","가방 > 가방"
"A8181_28","A8181_GRY_28","가방 > 가방"
"A8802_20","A8802_B_Y_20","가방 > 가방"
"A8802_24","A8802_B_Y_24","가방 > 가방"
"A8802_28","A8802_B_Y_28","가방 > 가방"
"AC023_20","AC023_GRN_20","가방 > 가방"
"AC023_24","AC023_GRN_24","가방 > 가방"
"AC023_28","AC023","가방 > 가방"
"AGG-360J(구.AMAAG36)","AUAAG36","수경 > 아동"
"AGG-400J","ASAAG40","수경 > 아동"
"AGL-130ME","AOAAG13","수경 > 성인"
"AGL-1700E","AFAAG17","수경 > 성인"
"AGL-180M","AUFAG71","수경 > 성인"
"AGL-180M (수경)","ATCAG18","수경 > 성인"
"AGL-180M(구.ARAAG18)","AUAAG18","수경 > 성인"
"AGL-1900S","AFAAG19","수경 > 성인"
"AGL-200PA","ASAAG20","수경 > 성인"
"AGL-200PA(구.ASAAG20)","AUAAG20","수경 > 성인"
"AGL-210MPA","ASAAG21","수경 > 성인"
"AGL-210MPA (수경)","ATCAG21","수경 > 성인"
"AGL-230","AUFAG72","수경 > 성인"
"AGL-240M","AUFAG73","수경 > 성인"
"AGL-2800KE","AFAAG28","수경 > 성인"
"AGL-2800KE(구.AFAAG28)","AUAAG28","수경 > 성인"
"AGL-520","AOAAG52","수경 > 성인"
"AGL-520(구.AOAAG52)","AUAAG52","수경 > 성인"
"AGL-550MPA","ASAAG55","수경 > 성인"
"AGL-7500J(구.AFAAG75)","A0AC2AG75","수경 > 아동"
"AGL-9100E","AIAAG91","수경 > 성인"
"AGL-9200E","AIAAG92","수경 > 성인"
"AGL-9400","ANAAG94","수경 > 성인"
"AGL-9500GK","AUAAG02","수경 > 성인"
"AGL-9500K","AEAAG01","수경 > 성인"
"AGL-9600E","AIAAG96","수경 > 성인"
"AGL-9600E(구.AIAAG96)","AUAAG96","수경 > 성인"
"AGT-610","AMAAG61","수경 > 성인"
"AGT-610(구.AMAAG61)","A0AC2AG61","수경 > 성인"
"AGY-510","ALAAG51","수경 > 성인"
"AGY-810M","AKAAG02","수경 > 성인"
"ALEX KOPPS CAP 퀵실버 캡모자","QE13CP115","모자 > 야구모자"
"AR레터링","APAAL01","수모 > 코팅수모"
"ASS5734 (SHOE BAG)","ATSAB93","가방 > 가방"
"AT THE BEACH BS 2INCH 록시 반바지","RD21BS126","수영복 > 여 성인"
"AT THE BEACH BS 5INCH 록시 반바지","RE21BS301","수영복 > 여 성인"
"AT THE BEACH BS 5INCH 록시 여하의","RE21BS301","수영복 > 여 성인"
"AURORA","RD21RS622","기타용품 > 기타용품"
"AVAAG21HPK000","AVAAG21","수경 > 성인"
"AXE-7004(구.AIAAG74)","AUAAG76","수경 > 성인"
"AXE-7004M(구.AJAAG74)","AUAAG77","수경 > 성인"
"AXE-7010","AIAAG71","수경 > 성인"
"AXE-7020M","AOAAG72","수경 > 성인"
"B. [쥬라기월드] 엘리새틀러 레스큐 팩-HLN16","UVSIT055","기타용품 > 기타용품"
"BEACHY DAYS SS 록시 여레쉬가드","RE21RE287","수영복 > 여 성인"
"BOARDMASTER TRUCKER 퀵실버 캡모자","QD23CP050","모자 > 야구모자"
"BRIGHTER DAY 록시 캡모자","RE23CP023","모자 > 야구모자"
"DC 남래쉬가드","D521RS023","수영복 > 남 성인"
"DC 남후드집업","D521RS025","기타용품 > 기타용품"
"DIVE 4 LAYERED LP 퀵실버 반바지레깅스","QE21RT181","수영복 > 남 성인"
"DIVE3 LAYERED LP 퀵실버 레깅스반바지","QD21RT219","수영복 > 남 성인"
"DIVE3 LEGGINGS 퀵실버 레깅스","QD21RT218","수영복 > 남 성인"
"DIVE3 LEGGINGS YOUTH","KD21RK227BLK007","수영복 > 남아"
"DIVE3 LEGGINGS YOUTH 퀵실버 아동 레깅스","KD21RK227","수영복 > 남아"
"DNA TYPE CAP 퀵실버 캡모자","QE13CP131","모자 > 야구모자"
"DONUT SPAIN 록시 캡모자","RE23CP024","모자 > 야구모자"
"EMU COOP 퀵실버 메쉬캡모자","QE23CP037","수모 > 스판수모"
"EMU COOP YOUTH 퀵실버 아동메쉬캡모자","KE23CP039","수모 > 스판수모"
"ENJOY NOT DESTROY MUSCLE","QD21RE214TAR095","기타용품 > 기타용품"
"ENJOY NOT DESTROY MUSCLE 퀵실버 나시","QD21RE214","기타용품 > 기타용품"
"EVENING SURFING 록시 레깅스","RD21RT123","수영복 > 여 성인"
"EVERYDAY JAM 2","QD21BS230BLK028","수영복 > 남 성인"
"EVERYDAY JAM 2 퀵실버 남반바지","QD21BS230","수영복 > 남 성인"
"EVERYDAY JAM 3 퀵실버 남하의","QE21BS184","수영복 > 남 성인"
"EVERYDAY JAM 3 퀵실버 반바지","QE21BS184","수영복 > 남 성인"
"EVERYDAY JAM 3퀵실버 반바지","QE21BS184","수영복 > 남 성인"
"EVERYDAY MIX VOLLEY 15 퀵실버 남하의","QE21BS007","수영복 > 남 성인"
"EVERYDAY MIX VOLLEY 17NB 퀵실버 남하의","QE31BS024","수영복 > 남 성인"
"EVERYDAY MIX VOLLEY 17NB 퀵실버 반바지","QE31BS024","수영복 > 남 성인"
"EVERYDAY SOLID VOLLEY 15 퀵실버 남하의","QE21BS001","수영복 > 남 성인"
"EVERYDAY SOLID VOLLEY 15 퀵실버 반바지","QE21BS001","수영복 > 남 성인"
"EVERYDAY SOLID VOLLEY 19 퀵실버 남하의","QE21BS002","수영복 > 남 성인"
"EVERYDAY Surf Tee SS 퀵실버 남레쉬가드","QE21RE012","수영복 > 남 성인"
"EVERYDAY SURFWASH VOLLEY 15 퀵실버 반바지","QD31BS078","수영복 > 남 성인"
"EVERYDAY VOLLEY 15 퀵실버 반바지","QD31BS300","수영복 > 남 성인"
"FEEL FREE SHORTS 록시 반바지","RE21BS203","수영복 > 여 성인"
"FEGGYMIN(페기민) 남성 래쉬가드 FRHE107S 100","FRHE107S 100","수영복 > 남 성인"
"FEGGYMIN(페기민) 남성 래쉬가드 FRHE107S 105","FRHE107S 105","수영복 > 남 성인"
"FEGGYMIN(페기민) 남성 래쉬가드 FRHE107S 95","FRHE107S 95","수영복 > 남 성인"
"FINISHLINE 2 COLOR 록시 캡모자","RD13CP042","모자 > 야구모자"
"FLOWER BUS BUCKET HAT 록시 버킷햇모자","RE13HT162","모자 > 비치모자"
"Freshness Towel 퀵실버 타올","QD23TW044","기타용품 > 기타용품"
"GRAPHENE T-SHIRTS","S2MM1RT03","기타용품 > 기타용품"
"GVG 굿럭박스 _ 쥬라기 월드","UVSGB001","기타용품 > 기타용품"
"HERITAGE LS 2 퀵실버 남레쉬가드","QE21RS176","수영복 > 남 성인"
"HONEY COCONUT 록시 아동캡모자","TE23CP031","모자 > 야구모자"
"HOODY TOWEL 퀵실버 후드타올","QD23TW045","기타용품 > 기타용품"
"HOODY TOWEL BOY","KD33TW074BQR000","기타용품 > 기타용품"
"HOODY TOWEL BOY 아동후드타올","KD33TW074","기타용품 > 기타용품"
"JASMINE PARADISE 록시 버킷모자","RE13HT021","모자 > 비치모자"
"KR046_16","KR046_BLK_16","가방 > 가방"
"KR046_20","KR046_BLK_20","가방 > 가방"
"KR046_24","KR046_BLK_24","가방 > 가방"
"KR046_28","KR046_BLK_28","가방 > 가방"
"KR046_32","KR046_BLK_32","가방 > 가방"
"KR047_20","KR047_BLK_20","가방 > 가방"
"KR047_24","KR047_BLK_24","가방 > 가방"
"KR047_28","KR047_BLK_28","가방 > 가방"
"KR048_28","KR048_BLK_28","가방 > 가방"
"KR048_32","KR048_BLK_32","가방 > 가방"
"KR049_20","KR049","가방 > 가방"
"KR049_24","KR049_BLK_24","가방 > 가방"
"KR049_28","KR049_BLK_28","가방 > 가방"
"KR051_20","KR051_BLK_20","가방 > 가방"
"KR051_24","KR051","가방 > 가방"
"KR051_28","KR051","가방 > 가방"
"KR053_20","KR053","가방 > 가방"
"KR053_24","KR053_BLK_24","가방 > 가방"
"KR053_28","KR053_BLK_28","가방 > 가방"
"KR055_20","KR055_BLK_20","가방 > 가방"
"KR055_24","KR055_BLK_24","가방 > 가방"
"KR055_28","KR055_BLK_28","가방 > 가방"
"KR3003_20","KR3003_BLK_20","가방 > 가방"
"KR3003_24","KR3003_BLK_24","가방 > 가방"
"KR3003_28","KR3003_BLK_28","가방 > 가방"
"LED 스팽글공","LWTOY05","기타용품 > 기타용품"
"LED 탱탱볼","LWTOY010","기타용품 > 기타용품"
"LINE BY LINE ACTION SS 퀵실버 남레쉬가드","QE21RE124","수영복 > 남 성인"
"LUNCH CALM 록시 반바지","RD21BS092","수영복 > 여 성인"
"MAPCP02ZZZ000","MAPCP02","기타용품 > 기타용품"
"MIX SURF TEE SS 퀵실버 반팔래쉬가드","QD31RE072","수영복 > 남 성인"
"MORNING CALM 록시 여하의","RE21BS204","수영복 > 여 성인"
"MORNING CALM COLOR 록시 반바지","RD21BS093","수영복 > 여 성인"
"mp-i 스마트 방수팩(레몬)","MAPSP07","방수팩 > 방수팩"
"mp-i 스마트 방수팩(바다)","MAPSP07","방수팩 > 방수팩"
"mp-i 스마트 방수팩(비치)","MAPSP07","방수팩 > 방수팩"
"mp-i 스마트 방수팩(정글)","MAPSP07","방수팩 > 방수팩"
"MV2 남반바지","MTR1583","수영복 > 남 성인"
"MV2 남아래쉬가드","FRHA1502","수영복 > 남아"
"MV2 남아반바지","PTRA8510","수영복 > 남아"
"MV2 남아후드집업","DNTC4206","기타용품 > 기타용품"
"MV2 아동후드집업","DMTG502","수영복 > 아동공용"
"MV2 여가디건","DMTG702","기타용품 > 기타용품"
"MV2 여래쉬가드","FRHA1501","수영복 > 여 성인"
"MV2 여반바지","DOTR2238","수영복 > 여 성인"
"MV2 여아래쉬가드","FRHA1503","수영복 > 여아"
"MV2 여후드집업","DNTC2209","기타용품 > 기타용품"
"MV2 원피스랩","MOPC217P","수영복 > 여 성인"
"MV2남성하의","DNTR1216","수영복 > 남 성인"
"MV2남아반바지","PTRA8510","수영복 > 남아"
"MV2남아하의","DOTR1230","수영복 > 남아"
"MV2비치원피스랩","DO2P2206","수영복 > 여 성인"
"MV2여성하의","DOTR2240","수영복 > 여 성인"
"N/SP LONG PANTS","S1MM1LP01","수영복 > 남 성인"
"OMNI SLIM ZIP UP 퀵실버 집업레쉬가드","QE21RZ178","수영복 > 남 성인"
"ONE DAY 8 ZIP UP 퀵실버 래쉬가드","QD21RZ205","수영복 > 남 성인"
"ONE DAY 8 ZIP UP 퀵실버 래쉬가드P","QD21RZ205","수영복 > 남 성인"
"ONE DAY 9 ZIP UP 퀵실버 집업레쉬가드","QE21RZ179","수영복 > 남 성인"
"ORIGINAL ARCH VOLLEY 17NB 퀵실버 남하의","QE21BS056","수영복 > 남 성인"
"Quiksilver AOP jammer 4부","QF31IB015","수영복 > 남 성인"
"Quiksilver solid jammer 3부","QF31IB016","수영복 > 남 성인"
"Quiksilver solid jammer 4부","QF31IB014","수영복 > 남 성인"
"RADICAL SURF TEE YOUTH SS","KD21BR121KVD008","수영복 > 남아"
"RADICAL SURF TEE YOUTH SS 퀵실버 아동 반팔티","KD21BR121","수영복 > 남아"
"REVERSIBLE SHORTS 록시 반바지","RD21BS095","수영복 > 여 성인"
"RISE & SHINE MUSCLE","QD21RE216BLK095","기타용품 > 기타용품"
"RISE & SHINE MUSCLE 퀵실버 나시","QD21RE216","기타용품 > 기타용품"
"Roxy AOP one piece","RF31IS015","수영복 > 여 성인"
"Roxy basic logo one piece","RF31IS011","수영복 > 여 성인"
"Roxy body suit","RF31IS017","수영복 > 여 성인"
"ROXY CLASSICS 5 INCH BS 록시 여하의","RE21BS081","수영복 > 여 성인"
"Roxy girl boardshort","TF31KS019","수영복 > 여아"
"Roxy girl body suit","TF31IK018","수영복 > 여아"
"Roxy girl half zip suit","TF31IK022","수영복 > 여아"
"Roxy girl intensive swim suit","TF31IK021","수영복 > 여아"
"Roxy girl skirt","TF31KS020","수영복 > 여아"
"ROXY HEART LS 록시 여레쉬가드","RE21RS281","수영복 > 여 성인"
"ROXY HEART SLIT TIE 록시 여레쉬가드","RE21RS291","수영복 > 여 성인"
"Roxy letter one piece","RF31IS016","수영복 > 여 성인"
"ROXY PRO THE 93 WIN BOARDSHORT 록시 반바지","RD21BS038","수영복 > 여 성인"
"SAKEY 남성 반바지","SKT606","수영복 > 남 성인"
"SATURN MW CAP 퀵실버 캡모자","QD33CP097","모자 > 야구모자"
"SKIRT LEGGINGS 록시 스커트 레깅스","RE21RT201","수영복 > 여 성인"
"SLAB SCRATCH 퀵실버 메쉬캡모자","QE23CP035","수모 > 스판수모"
"SLAB SCRATCH YOUTH 퀵실버 아동메쉬캡모자","KE23CP038","수모 > 스판수모"
"SPIN CYCLE MUSCLE 퀵실버 남레쉬가드","QE21RE171","수영복 > 남 성인"
"SSM 검정팝콘 티","SSM010BLKM","기타용품 > 기타용품"
"SSM 곰돌이 티","SSM005GRYM","기타용품 > 기타용품"
"SSM 니트 조끼","SSM004BEGM","기타용품 > 기타용품"
"SSM 말그림 티","SSM011BLUM","기타용품 > 기타용품"
"SSM 목비쥬 티","SSM002BRWM","기타용품 > 기타용품"
"SSM 블라우스","SSM009BLKM","기타용품 > 기타용품"
"SSM 비쥬 티","SSM001","기타용품 > 기타용품"
"SSM 석류 티","SSM003GRYM","기타용품 > 기타용품"
"SSM 쭈굴이 나시","SSM008BLKM","기타용품 > 기타용품"
"SSM 칵테일 티","SSM007BEGM","기타용품 > 기타용품"
"SSM 핫도그비쥬 티","SSM006WHTM","기타용품 > 기타용품"
"STAY MAGICAL PRINTED 록시 후드타올","RD23TW540","기타용품 > 기타용품"
"STEELHOUSE RIPPER 퀵실버 캡모자","QE33CP002","모자 > 야구모자"
"STRETCH WOVEN PANTS","S2MM1HP03","기타용품 > 기타용품"
"STYLE PLYE 퀵실버 캡모자","QE33CP001","모자 > 야구모자"
"SURFERS CLOSET SS 퀵실버 남레쉬가드","QE21RE133","수영복 > 남 성인"
"SURFSILK SOLID VOLLEY 16 퀵실버 남하의","QE21BS004","수영복 > 남 성인"
"SWEET EMOTIONS 록시 아동캡모자","TE23CP136","모자 > 야구모자"
"SWEET EMOTIONS 록시 아돟캡모자","TE23CP136","모자 > 야구모자"
"SWEET FLOWERS LS 록시 래쉬가드","RD21RS111","수영복 > 여 성인"
"SWEET SHINE BS 2INCH 록시 반바지","RE21BS302","수영복 > 여 성인"
"SWEET SHINE BS 2INCH 록시 여하의","RE21BS302","수영복 > 여 성인"
"TAXER AMPHIBIAN 18 퀵실버 남하의","QE21BS005","수영복 > 남 성인"
"THE CLIFF 록시 캡모자","RE23CP237","모자 > 야구모자"
"TO THE BEACH ZIPUP 2 록시 여집업레쉬가드","RE21RZ284","수영복 > 여 성인"
"TO THE BEACH ZIPUP 록시 집업래쉬가드","RD21RZ120","수영복 > 여 성인"
"TOADSTOOL 록시 캡모자","RE13CP163","모자 > 야구모자"
"TRADE SMITH SS 퀵실버 남레쉬가드","QE21RE122","수영복 > 남 성인"
"TRICOT HALF PANTS","S2MM1HP02","기타용품 > 기타용품"
"TRILLA 4 LS 퀵실버 남레쉬가드","QE21RS173","수영복 > 남 성인"
"TW JASMINE PARADISE 록시 버킷햇모자","TE13HT034","모자 > 비치모자"
"TW STAY MAGICAL PRINTED 록시 아동 후드타올","TD33TW080","기타용품 > 기타용품"
"TWISTED MIND MUSCLE 퀵실버 나시","QD21RE213","기타용품 > 기타용품"
"UNDER PANTS","AUAAA02","수영복 > 여 성인"
"UNDER PANTS(총,일,백,대)","ATAAA02","수영복 > 여 성인"
"UNDER/CAP","E3BAAAK01","기타용품 > 기타용품"
"UV SURFTRIP HAT 퀵실버 버킷햇모자","QE23HT127","모자 > 비치모자"
"UV WATER BEACH HAT 록시 버킷햇모자","RE23HT220","모자 > 비치모자"
"UV WATER BEACH HAT SATURN 퀵실버 버킷햇","QE23HT128","모자 > 비치모자"
"UV WATER BEACH HAT SATURN 퀵실버 버킷햇모자","QE23HT128","모자 > 비치모자"
"UV WATER SURF CAP 퀵실버 서프캡모자","RE23CP221","모자 > 야구모자"
"UV WATER SURF HAT 퀵실버 버킷햇모자","QE23HT129","모자 > 비치모자"
"ve","MAPSS03","기타용품 > 기타용품"
"WEIBES REH 남성 반바지","DN07-04","수영복 > 남 성인"
"wht 엘르캡모자","E3HLOAA01","모자 > 야구모자"
"wht엘르모자","E3HLOAA01","모자 > 야구모자"
"wht엘르캡모자","E3HLOAA01","모자 > 야구모자"
"WILD FERN VOLLEY 17 퀵실버 남하의","QE21BS018","수영복 > 남 성인"
"Youth quiksilver AOP jammer","KF31IK018","수영복 > 남아"
"Youth quiksilver solid jammer","KF31IK017","수영복 > 남아"
"YW 비치타올","MAPBT01","기타용품 > 기타용품"
"YW 시니어 스노클","MAPWG22","스노클 > 시니어"
"YW 시니어 스노클남","MAPWG22","스노클 > 시니어"
"YW 시니어 스노클여","MAPWG22","스노클 > 시니어"
"YW 주니어 스노클","MAPWG21","스노클 > 주니어"
"YW 주니어 스노클남","MAPWG21","스노클 > 주니어"
"YW 주니어 스노클남자","MAPWG21","스노클 > 주니어"
"YW 주니어 스노클여","MAPWG21","스노클 > 주니어"
"YW수경(성인수경)","FGLC740","수경 > 성인"
"YW수경(아동수경-와이드 블랙","FGLC610","수경 > 성인"
"YW수경(아동수경-와이드)","FGLC610","수경 > 성인"
"YW수경(아동수경)","FGLC600","수경 > 성인"
"YW스판수모_모자","MAPCC02","수모 > 스판수모"
"YW아쿠아슈즈(160)","MAPSS03","아쿠아슈즈 > 160"
"YW아쿠아슈즈(170)","MAPSS03","아쿠아슈즈 > 170"
"YW아쿠아슈즈(180)","MAPSS03","아쿠아슈즈 > 180"
"YW아쿠아슈즈(190)","MAPSS03","아쿠아슈즈 > 190"
"YW아쿠아슈즈(200)","MAPSS03","아쿠아슈즈 > 200"
"YW아쿠아슈즈(210)","MAPSS03","아쿠아슈즈 > 210"
"YW아쿠아슈즈(220)","MAPSS03","아쿠아슈즈 > 220"
"YW아쿠아슈즈(230)","MAPSS03","아쿠아슈즈 > 230"
"YW아쿠아슈즈(240)","MAPSS03","아쿠아슈즈 > 240"
"YW아쿠아슈즈(250)","MAPSS03","아쿠아슈즈 > 250"
"YW아쿠아슈즈(260)","MAPSS03","아쿠아슈즈 > 260"
"YW아쿠아슈즈(270)","MAPSS03","아쿠아슈즈 > 270"
"YW아쿠아슈즈(280)","MAPSS03","아쿠아슈즈 > 280"
"YW아쿠아슈즈(290)","MAPSS03","아쿠아슈즈 > 290"
"YW코팅수모_모자","FCCC07","수모 > 코팅수모"
